file,url,bytes,rows,sha256,official_sha256,checksum_ok
BTCUSDT-fundingRate-2020-01.zip,https://data.binance.vision/data/futures/um/monthly/fundingRate/BTCUSDT/BTCUSDT-fundingRate-2020-01.zip,825,93,7f81b2f3694d13779e7e896b69d60cd61e9444d7b9f9e90df761935e1c1b76e2,7f81b2f3694d13779e7e896b69d60cd61e9444d7b9f9e90df761935e1c1b76e2,True
BTCUSDT-fundingRate-2020-02.zip,https://data.binance.vision/data/futures/um/monthly/fundingRate/BTCUSDT/BTCUSDT-fundingRate-2020-02.zip,885,87,6599466d108d120c64a078824326c063ed2d4335b3292e52c5e572f79166533a,6599466d108d120c64a078824326c063ed2d4335b3292e52c5e572f79166533a,True
BTCUSDT-fundingRate-2020-03.zip,https://data.binance.vision/data/futures/um/monthly/fundingRate/BTCUSDT/BTCUSDT-fundingRate-2020-03.zip,928,93,eee845fde6336e29d25889563cba3d2cff2d4d640e51fb1f82ae9b28cedaee77,eee845fde6336e29d25889563cba3d2cff2d4d640e51fb1f82ae9b28cedaee77,True
BTCUSDT-fundingRate-2020-04.zip,https://data.binance.vision/data/futures/um/monthly/fundingRate/BTCUSDT/BTCUSDT-fundingRate-2020-04.zip,867,90,d009ce034d08c3dcf3e7f874b0f8b0ec76ba507bc6bb4e007e541df537bafbce,d009ce034d08c3dcf3e7f874b0f8b0ec76ba507bc6bb4e007e541df537bafbce,True
BTCUSDT-fundingRate-2020-05.zip,https://data.binance.vision/data/futures/um/monthly/fundingRate/BTCUSDT/BTCUSDT-fundingRate-2020-05.zip,839,93,3f2b56dd6b9a42457009bb367d0adadd3cf7e2216cd325172d0089e3883125a8,3f2b56dd6b9a42457009bb367d0adadd3cf7e2216cd325172d0089e3883125a8,True
BTCUSDT-fundingRate-2020-06.zip,https://data.binance.vision/data/futures/um/monthly/fundingRate/BTCUSDT/BTCUSDT-fundingRate-2020-06.zip,791,90,30b3470ff98576578973d75e3c157a5cbf1778b11e4c26b4b4ff70a3cbb348ec,30b3470ff98576578973d75e3c157a5cbf1778b11e4c26b4b4ff70a3cbb348ec,True
BTCUSDT-fundingRate-2020-07.zip,https://data.binance.vision/data/futures/um/monthly/fundingRate/BTCUSDT/BTCUSDT-fundingRate-2020-07.zip,712,93,18dae7b11075fc0fba79ad47df46683415cba5d027caa69c66bc2a5c9d9b459a,18dae7b11075fc0fba79ad47df46683415cba5d027caa69c66bc2a5c9d9b459a,True
BTCUSDT-fundingRate-2020-08.zip,https://data.binance.vision/data/futures/um/monthly/fundingRate/BTCUSDT/BTCUSDT-fundingRate-2020-08.zip,854,93,e6f6d1749f674c85d4766e0eb36af6ea40d91a0674234d30df80eb9876b094e3,e6f6d1749f674c85d4766e0eb36af6ea40d91a0674234d30df80eb9876b094e3,True
BTCUSDT-fundingRate-2020-09.zip,https://data.binance.vision/data/futures/um/monthly/fundingRate/BTCUSDT/BTCUSDT-fundingRate-2020-09.zip,838,90,7ae9a3b6afb2dc06e46080582908ec8c27063b707a14c7f1e679dc991ff48032,7ae9a3b6afb2dc06e46080582908ec8c27063b707a14c7f1e679dc991ff48032,True
BTCUSDT-fundingRate-2020-10.zip,https://data.binance.vision/data/futures/um/monthly/fundingRate/BTCUSDT/BTCUSDT-fundingRate-2020-10.zip,828,93,4c55b191c101f39c7fb193a6529665dd9e83302ca21876521e4c93b3902e9fb1,4c55b191c101f39c7fb193a6529665dd9e83302ca21876521e4c93b3902e9fb1,True
BTCUSDT-fundingRate-2020-11.zip,https://data.binance.vision/data/futures/um/monthly/fundingRate/BTCUSDT/BTCUSDT-fundingRate-2020-11.zip,854,90,676356a2d075caa51b4f8ada026e9430dc320ffd23d2343b13b7aa25324ed6d1,676356a2d075caa51b4f8ada026e9430dc320ffd23d2343b13b7aa25324ed6d1,True
BTCUSDT-fundingRate-2020-12.zip,https://data.binance.vision/data/futures/um/monthly/fundingRate/BTCUSDT/BTCUSDT-fundingRate-2020-12.zip,852,93,d7390f90edf54cc4ad9bbe78e2f6b291ae06ad9539f591a2d0fce445873bbd63,d7390f90edf54cc4ad9bbe78e2f6b291ae06ad9539f591a2d0fce445873bbd63,True
BTCUSDT-fundingRate-2021-01.zip,https://data.binance.vision/data/futures/um/monthly/fundingRate/BTCUSDT/BTCUSDT-fundingRate-2021-01.zip,981,93,cff916dc4b638ec3de97828e8911cd91cf7d7a3d0836ec0175869c374e66823d,cff916dc4b638ec3de97828e8911cd91cf7d7a3d0836ec0175869c374e66823d,True
BTCUSDT-fundingRate-2021-02.zip,https://data.binance.vision/data/futures/um/monthly/fundingRate/BTCUSDT/BTCUSDT-fundingRate-2021-02.zip,956,84,819a7b107443686adb313fc5fc223302a29f3981e1d1bd9828ad0ade65a8a8af,819a7b107443686adb313fc5fc223302a29f3981e1d1bd9828ad0ade65a8a8af,True
BTCUSDT-fundingRate-2021-03.zip,https://data.binance.vision/data/futures/um/monthly/fundingRate/BTCUSDT/BTCUSDT-fundingRate-2021-03.zip,918,93,2125fd300848938c7b992b8f7b7b5007d5b277a4ff1ebda7da083b40242729da,2125fd300848938c7b992b8f7b7b5007d5b277a4ff1ebda7da083b40242729da,True
BTCUSDT-fundingRate-2021-04.zip,https://data.binance.vision/data/futures/um/monthly/fundingRate/BTCUSDT/BTCUSDT-fundingRate-2021-04.zip,914,90,9cd888e3b0a1954813d0062c2e60426fdc8e34a7f258f6838371ec67f535b028,9cd888e3b0a1954813d0062c2e60426fdc8e34a7f258f6838371ec67f535b028,True
BTCUSDT-fundingRate-2021-05.zip,https://data.binance.vision/data/futures/um/monthly/fundingRate/BTCUSDT/BTCUSDT-fundingRate-2021-05.zip,960,93,ed934afb9cf84df6ecae742e755147333a84244836a66b51523abc66dd5f63af,ed934afb9cf84df6ecae742e755147333a84244836a66b51523abc66dd5f63af,True
BTCUSDT-fundingRate-2021-06.zip,https://data.binance.vision/data/futures/um/monthly/fundingRate/BTCUSDT/BTCUSDT-fundingRate-2021-06.zip,883,90,7b8d9bfb8816636b800764dafb2aa2307d19166c695bfa245adbf7d01d61f766,7b8d9bfb8816636b800764dafb2aa2307d19166c695bfa245adbf7d01d61f766,True
BTCUSDT-fundingRate-2021-07.zip,https://data.binance.vision/data/futures/um/monthly/fundingRate/BTCUSDT/BTCUSDT-fundingRate-2021-07.zip,973,93,8ab3df641d3bcf40527491f8e26d046ad2b662d1950ead9555ad32975571b7fe,8ab3df641d3bcf40527491f8e26d046ad2b662d1950ead9555ad32975571b7fe,True
BTCUSDT-fundingRate-2021-08.zip,https://data.binance.vision/data/futures/um/monthly/fundingRate/BTCUSDT/BTCUSDT-fundingRate-2021-08.zip,781,93,7eb681cc45b94176f4b9192a62c3a1925d79031ba001cea2d8dec6ff6e5b9c35,7eb681cc45b94176f4b9192a62c3a1925d79031ba001cea2d8dec6ff6e5b9c35,True
BTCUSDT-fundingRate-2021-09.zip,https://data.binance.vision/data/futures/um/monthly/fundingRate/BTCUSDT/BTCUSDT-fundingRate-2021-09.zip,828,90,03f25a7c25eef18d5f5b5b7bb0b664cab7a210b409f37e95a54e141808a0752d,03f25a7c25eef18d5f5b5b7bb0b664cab7a210b409f37e95a54e141808a0752d,True
BTCUSDT-fundingRate-2021-10.zip,https://data.binance.vision/data/futures/um/monthly/fundingRate/BTCUSDT/BTCUSDT-fundingRate-2021-10.zip,951,93,f25820d6add687addbca3ef43bee58f70853a6da53832a0c1bc22d00dc8ec64a,f25820d6add687addbca3ef43bee58f70853a6da53832a0c1bc22d00dc8ec64a,True
BTCUSDT-fundingRate-2021-11.zip,https://data.binance.vision/data/futures/um/monthly/fundingRate/BTCUSDT/BTCUSDT-fundingRate-2021-11.zip,919,90,e2e6b2d7218607e7e4a38137d50f553c2cfb901275c19edf567024c1cc6de85f,e2e6b2d7218607e7e4a38137d50f553c2cfb901275c19edf567024c1cc6de85f,True
BTCUSDT-fundingRate-2021-12.zip,https://data.binance.vision/data/futures/um/monthly/fundingRate/BTCUSDT/BTCUSDT-fundingRate-2021-12.zip,815,93,bf3ce484faf41d7dccfd38c5cc3d8de34d8297df30ab10784e874cc10fd1b310,bf3ce484faf41d7dccfd38c5cc3d8de34d8297df30ab10784e874cc10fd1b310,True
BTCUSDT-fundingRate-2022-01.zip,https://data.binance.vision/data/futures/um/monthly/fundingRate/BTCUSDT/BTCUSDT-fundingRate-2022-01.zip,906,93,22ee19079b620f5c6d820e7d7f8bafa7fde866d89bd664863b8bd527749c12cb,22ee19079b620f5c6d820e7d7f8bafa7fde866d89bd664863b8bd527749c12cb,True
BTCUSDT-fundingRate-2022-02.zip,https://data.binance.vision/data/futures/um/monthly/fundingRate/BTCUSDT/BTCUSDT-fundingRate-2022-02.zip,890,84,fa95088258a905c79ab79e8984d2f6f66933ec2e814dbab4ef9da89b01ab484a,fa95088258a905c79ab79e8984d2f6f66933ec2e814dbab4ef9da89b01ab484a,True
BTCUSDT-fundingRate-2022-03.zip,https://data.binance.vision/data/futures/um/monthly/fundingRate/BTCUSDT/BTCUSDT-fundingRate-2022-03.zip,904,93,4cf0883bc07f4ed4cdd3b0d8c0d166b4d15d21e666ab752f9f44401af4d6172f,4cf0883bc07f4ed4cdd3b0d8c0d166b4d15d21e666ab752f9f44401af4d6172f,True
BTCUSDT-fundingRate-2022-04.zip,https://data.binance.vision/data/futures/um/monthly/fundingRate/BTCUSDT/BTCUSDT-fundingRate-2022-04.zip,926,90,57e2776cc68b3169fc9f8632dad67278f470cd453407a8ebe6c87963c8a31357,57e2776cc68b3169fc9f8632dad67278f470cd453407a8ebe6c87963c8a31357,True
BTCUSDT-fundingRate-2022-05.zip,https://data.binance.vision/data/futures/um/monthly/fundingRate/BTCUSDT/BTCUSDT-fundingRate-2022-05.zip,915,93,bced8a5013d09742b96682e6fd01ad4456213515a03d7586ec2b1f2689af5255,bced8a5013d09742b96682e6fd01ad4456213515a03d7586ec2b1f2689af5255,True
BTCUSDT-fundingRate-2022-06.zip,https://data.binance.vision/data/futures/um/monthly/fundingRate/BTCUSDT/BTCUSDT-fundingRate-2022-06.zip,966,90,0cd0708f8903829eb46f98cf60f4b2516c986e1ccddf6620a5912b48e16baf93,0cd0708f8903829eb46f98cf60f4b2516c986e1ccddf6620a5912b48e16baf93,True
BTCUSDT-fundingRate-2022-07.zip,https://data.binance.vision/data/futures/um/monthly/fundingRate/BTCUSDT/BTCUSDT-fundingRate-2022-07.zip,917,93,29d58cce0cd45f74c6a112039835c6d9ee5a7e60e7c38c2503beb7930453a4fe,29d58cce0cd45f74c6a112039835c6d9ee5a7e60e7c38c2503beb7930453a4fe,True
BTCUSDT-fundingRate-2022-08.zip,https://data.binance.vision/data/futures/um/monthly/fundingRate/BTCUSDT/BTCUSDT-fundingRate-2022-08.zip,997,93,6f4f0c6c84c05694b4b4a5c085776730fd4059723eecd98ee6ffeb3fde4da811,6f4f0c6c84c05694b4b4a5c085776730fd4059723eecd98ee6ffeb3fde4da811,True
BTCUSDT-fundingRate-2022-09.zip,https://data.binance.vision/data/futures/um/monthly/fundingRate/BTCUSDT/BTCUSDT-fundingRate-2022-09.zip,960,90,d62cd4e13009de37add446dc4f63ead4c56dcc4955a1e60f6726bcadc5a68fa9,d62cd4e13009de37add446dc4f63ead4c56dcc4955a1e60f6726bcadc5a68fa9,True
BTCUSDT-fundingRate-2022-10.zip,https://data.binance.vision/data/futures/um/monthly/fundingRate/BTCUSDT/BTCUSDT-fundingRate-2022-10.zip,950,93,ad9efed10d4ca1567b865d7a158790977cec1b925395634217069df6696c8bc9,ad9efed10d4ca1567b865d7a158790977cec1b925395634217069df6696c8bc9,True
BTCUSDT-fundingRate-2022-11.zip,https://data.binance.vision/data/futures/um/monthly/fundingRate/BTCUSDT/BTCUSDT-fundingRate-2022-11.zip,1000,90,8febe5bec1a029e993bbf27490761f8c47c32849bf7dd13441b2b2f6ec1ffb51,8febe5bec1a029e993bbf27490761f8c47c32849bf7dd13441b2b2f6ec1ffb51,True
BTCUSDT-fundingRate-2022-12.zip,https://data.binance.vision/data/futures/um/monthly/fundingRate/BTCUSDT/BTCUSDT-fundingRate-2022-12.zip,982,93,4218c78331bcc4dbeb5768fa112242a880971c1f2cfd1d3f32aaa26ca34069af,4218c78331bcc4dbeb5768fa112242a880971c1f2cfd1d3f32aaa26ca34069af,True
BTCUSDT-fundingRate-2023-01.zip,https://data.binance.vision/data/futures/um/monthly/fundingRate/BTCUSDT/BTCUSDT-fundingRate-2023-01.zip,863,93,05e3df32f28d0d50f4c5a280adee9368b4a66fc68c6ddca1b3277087ac0d19f5,05e3df32f28d0d50f4c5a280adee9368b4a66fc68c6ddca1b3277087ac0d19f5,True
BTCUSDT-fundingRate-2023-02.zip,https://data.binance.vision/data/futures/um/monthly/fundingRate/BTCUSDT/BTCUSDT-fundingRate-2023-02.zip,808,84,5227accd9aaa59f71f5e682abffb58be5f99573ed208ab968b1704c81ac11345,5227accd9aaa59f71f5e682abffb58be5f99573ed208ab968b1704c81ac11345,True
BTCUSDT-fundingRate-2023-03.zip,https://data.binance.vision/data/futures/um/monthly/fundingRate/BTCUSDT/BTCUSDT-fundingRate-2023-03.zip,956,93,ab022adff9b853d2f33cf80154e77c770f57c3392f0bbc36564b2e2cdbd0e872,ab022adff9b853d2f33cf80154e77c770f57c3392f0bbc36564b2e2cdbd0e872,True
BTCUSDT-fundingRate-2023-04.zip,https://data.binance.vision/data/futures/um/monthly/fundingRate/BTCUSDT/BTCUSDT-fundingRate-2023-04.zip,952,90,2931039d26818edc65d4faefba84945fd1ba52989dd58fb127dc3cd7a12c7fbf,2931039d26818edc65d4faefba84945fd1ba52989dd58fb127dc3cd7a12c7fbf,True
BTCUSDT-fundingRate-2023-05.zip,https://data.binance.vision/data/futures/um/monthly/fundingRate/BTCUSDT/BTCUSDT-fundingRate-2023-05.zip,983,93,5d026fece46df86293054c8c56c2c8de575d30161b82979b11831831217a246e,5d026fece46df86293054c8c56c2c8de575d30161b82979b11831831217a246e,True
BTCUSDT-fundingRate-2023-06.zip,https://data.binance.vision/data/futures/um/monthly/fundingRate/BTCUSDT/BTCUSDT-fundingRate-2023-06.zip,845,90,3ffdde6f1dc9c3c065d77ae43f3ba64d19d4cb76512d4bc1d541933d4fb2e6f7,3ffdde6f1dc9c3c065d77ae43f3ba64d19d4cb76512d4bc1d541933d4fb2e6f7,True
BTCUSDT-fundingRate-2023-07.zip,https://data.binance.vision/data/futures/um/monthly/fundingRate/BTCUSDT/BTCUSDT-fundingRate-2023-07.zip,861,93,0304baed9fd407293a8a8040b30a1b68bd344803b630d33530375b421733a930,0304baed9fd407293a8a8040b30a1b68bd344803b630d33530375b421733a930,True
BTCUSDT-fundingRate-2023-08.zip,https://data.binance.vision/data/futures/um/monthly/fundingRate/BTCUSDT/BTCUSDT-fundingRate-2023-08.zip,846,93,516a8f50631c6ede6a9642f6d1590b6a22c33ba09935501d2ace8dc1396501fd,516a8f50631c6ede6a9642f6d1590b6a22c33ba09935501d2ace8dc1396501fd,True
BTCUSDT-fundingRate-2023-09.zip,https://data.binance.vision/data/futures/um/monthly/fundingRate/BTCUSDT/BTCUSDT-fundingRate-2023-09.zip,914,90,3fd9df6fd1eef33cf5fe625c27012359bc6d64a68c109305d7b44a0354f533c2,3fd9df6fd1eef33cf5fe625c27012359bc6d64a68c109305d7b44a0354f533c2,True
BTCUSDT-fundingRate-2023-10.zip,https://data.binance.vision/data/futures/um/monthly/fundingRate/BTCUSDT/BTCUSDT-fundingRate-2023-10.zip,865,93,03105cc140150bffca834bcccbddc6cfee245e079d2df1759653243bd6e92448,03105cc140150bffca834bcccbddc6cfee245e079d2df1759653243bd6e92448,True
BTCUSDT-fundingRate-2023-11.zip,https://data.binance.vision/data/futures/um/monthly/fundingRate/BTCUSDT/BTCUSDT-fundingRate-2023-11.zip,696,90,8015d2997f8d5e757ff3707ee87800ca30a74da0129daa747b64117f07bcc186,8015d2997f8d5e757ff3707ee87800ca30a74da0129daa747b64117f07bcc186,True
BTCUSDT-fundingRate-2023-12.zip,https://data.binance.vision/data/futures/um/monthly/fundingRate/BTCUSDT/BTCUSDT-fundingRate-2023-12.zip,810,93,8f02fdd2a2da261bbf13ab301c74bdb57fae005f19d5088e9ece5f8824c1a2a7,8f02fdd2a2da261bbf13ab301c74bdb57fae005f19d5088e9ece5f8824c1a2a7,True
BTCUSDT-fundingRate-2024-01.zip,https://data.binance.vision/data/futures/um/monthly/fundingRate/BTCUSDT/BTCUSDT-fundingRate-2024-01.zip,696,93,3e0d30870672aa8f0f937881056e3cfd55913ae5c780cd50b33f2763aa0ba58e,3e0d30870672aa8f0f937881056e3cfd55913ae5c780cd50b33f2763aa0ba58e,True
BTCUSDT-fundingRate-2024-02.zip,https://data.binance.vision/data/futures/um/monthly/fundingRate/BTCUSDT/BTCUSDT-fundingRate-2024-02.zip,776,87,daf1e4901e3d6436d82ad60f90d007eb5300be8047cfef121007203a7212cde6,daf1e4901e3d6436d82ad60f90d007eb5300be8047cfef121007203a7212cde6,True
BTCUSDT-fundingRate-2024-03.zip,https://data.binance.vision/data/futures/um/monthly/fundingRate/BTCUSDT/BTCUSDT-fundingRate-2024-03.zip,939,93,711dcaf2a341aedfd06447b4117b540f60adb0784c5e64a313c718e4cf092bc3,711dcaf2a341aedfd06447b4117b540f60adb0784c5e64a313c718e4cf092bc3,True
BTCUSDT-fundingRate-2024-04.zip,https://data.binance.vision/data/futures/um/monthly/fundingRate/BTCUSDT/BTCUSDT-fundingRate-2024-04.zip,842,90,6d220b8e2815362a11d294d35dbca28568370d8295351937eceec10f2b359b85,6d220b8e2815362a11d294d35dbca28568370d8295351937eceec10f2b359b85,True
BTCUSDT-fundingRate-2024-05.zip,https://data.binance.vision/data/futures/um/monthly/fundingRate/BTCUSDT/BTCUSDT-fundingRate-2024-05.zip,830,93,aef8c5fdce1493fd570b5829a72f2f17c7e459483390f25544d16c2a30be592e,aef8c5fdce1493fd570b5829a72f2f17c7e459483390f25544d16c2a30be592e,True
BTCUSDT-fundingRate-2024-06.zip,https://data.binance.vision/data/futures/um/monthly/fundingRate/BTCUSDT/BTCUSDT-fundingRate-2024-06.zip,721,90,43fc4473820d1fb4fe340d1b1951a87555f6841aa352e684fa95d6adffce04c6,43fc4473820d1fb4fe340d1b1951a87555f6841aa352e684fa95d6adffce04c6,True
BTCUSDT-fundingRate-2024-07.zip,https://data.binance.vision/data/futures/um/monthly/fundingRate/BTCUSDT/BTCUSDT-fundingRate-2024-07.zip,847,93,acab0593c1452660ce74a6c239fb215c1192b0a9c6e8c1689e6495de40a0174b,acab0593c1452660ce74a6c239fb215c1192b0a9c6e8c1689e6495de40a0174b,True
BTCUSDT-fundingRate-2024-08.zip,https://data.binance.vision/data/futures/um/monthly/fundingRate/BTCUSDT/BTCUSDT-fundingRate-2024-08.zip,904,93,7003d29a43dd5f9357f838da8766834954939e22c1d80af682d9f33984f67b71,7003d29a43dd5f9357f838da8766834954939e22c1d80af682d9f33984f67b71,True
BTCUSDT-fundingRate-2024-09.zip,https://data.binance.vision/data/futures/um/monthly/fundingRate/BTCUSDT/BTCUSDT-fundingRate-2024-09.zip,924,90,6ef23b02392b481ef9c3855434bf3644289fb6e228b4f7d9a0dfc6d3cdff1116,6ef23b02392b481ef9c3855434bf3644289fb6e228b4f7d9a0dfc6d3cdff1116,True
BTCUSDT-fundingRate-2024-10.zip,https://data.binance.vision/data/futures/um/monthly/fundingRate/BTCUSDT/BTCUSDT-fundingRate-2024-10.zip,801,93,26db65ac8020d80ece35df79c254c5f7e24427529bcceeb2972748c4fe2d2707,26db65ac8020d80ece35df79c254c5f7e24427529bcceeb2972748c4fe2d2707,True
BTCUSDT-fundingRate-2024-11.zip,https://data.binance.vision/data/futures/um/monthly/fundingRate/BTCUSDT/BTCUSDT-fundingRate-2024-11.zip,746,90,e1b19cccfe2cdcba48b022790789b7b01edd86c075f39bc152e44c267d43bd51,e1b19cccfe2cdcba48b022790789b7b01edd86c075f39bc152e44c267d43bd51,True
BTCUSDT-fundingRate-2024-12.zip,https://data.binance.vision/data/futures/um/monthly/fundingRate/BTCUSDT/BTCUSDT-fundingRate-2024-12.zip,808,93,069409f525ebf6370ee1c7defe475167de4b97284c5ac8e68768652968cd3dc9,069409f525ebf6370ee1c7defe475167de4b97284c5ac8e68768652968cd3dc9,True
BTCUSDT-fundingRate-2025-01.zip,https://data.binance.vision/data/futures/um/monthly/fundingRate/BTCUSDT/BTCUSDT-fundingRate-2025-01.zip,825,93,df725010d55458866eb5a47e9ee708c6796c9d7e77b14c38342cea11f381815e,df725010d55458866eb5a47e9ee708c6796c9d7e77b14c38342cea11f381815e,True
BTCUSDT-fundingRate-2025-02.zip,https://data.binance.vision/data/futures/um/monthly/fundingRate/BTCUSDT/BTCUSDT-fundingRate-2025-02.zip,854,84,e918b90fb33df3a3317feea13807a892047f1ec86eeac100bdb7b3dd83285d46,e918b90fb33df3a3317feea13807a892047f1ec86eeac100bdb7b3dd83285d46,True
BTCUSDT-fundingRate-2025-03.zip,https://data.binance.vision/data/futures/um/monthly/fundingRate/BTCUSDT/BTCUSDT-fundingRate-2025-03.zip,938,93,a3b95cfb315641fbfddc61eb32adf2a2588afb7a3973a61f464aca007ad43e3f,a3b95cfb315641fbfddc61eb32adf2a2588afb7a3973a61f464aca007ad43e3f,True
BTCUSDT-fundingRate-2025-04.zip,https://data.binance.vision/data/futures/um/monthly/fundingRate/BTCUSDT/BTCUSDT-fundingRate-2025-04.zip,929,90,01dbb7bd0135f98bd63bdde6b943cde1accc1770cabf92f68a1ec0653ced3888,01dbb7bd0135f98bd63bdde6b943cde1accc1770cabf92f68a1ec0653ced3888,True
BTCUSDT-fundingRate-2025-05.zip,https://data.binance.vision/data/futures/um/monthly/fundingRate/BTCUSDT/BTCUSDT-fundingRate-2025-05.zip,943,93,e7355e2775b88009c984db1783bb8ed6b5f24ede2b52bb764151b5722d6a5e42,e7355e2775b88009c984db1783bb8ed6b5f24ede2b52bb764151b5722d6a5e42,True
BTCUSDT-fundingRate-2025-06.zip,https://data.binance.vision/data/futures/um/monthly/fundingRate/BTCUSDT/BTCUSDT-fundingRate-2025-06.zip,946,90,a1f4a40953740fa83ee9ad97776ff8325d1958654a67f1325614071a983819d4,a1f4a40953740fa83ee9ad97776ff8325d1958654a67f1325614071a983819d4,True
BTCUSDT-fundingRate-2025-07.zip,https://data.binance.vision/data/futures/um/monthly/fundingRate/BTCUSDT/BTCUSDT-fundingRate-2025-07.zip,796,93,b097dff828f6e43fece23db0d3cb98042a9d7bc19693b8cbfd051d88eb973b7b,b097dff828f6e43fece23db0d3cb98042a9d7bc19693b8cbfd051d88eb973b7b,True
BTCUSDT-fundingRate-2025-08.zip,https://data.binance.vision/data/futures/um/monthly/fundingRate/BTCUSDT/BTCUSDT-fundingRate-2025-08.zip,927,93,1180129860b6e196e8d70bb9719e81573aa6b4acb423ba5ee7f82f10c836f7ab,1180129860b6e196e8d70bb9719e81573aa6b4acb423ba5ee7f82f10c836f7ab,True
BTCUSDT-fundingRate-2025-09.zip,https://data.binance.vision/data/futures/um/monthly/fundingRate/BTCUSDT/BTCUSDT-fundingRate-2025-09.zip,941,90,21dc6570fc6bffad0e7b5f9e99211b82ad07c95ab4f18c3a2daa3b95ec98344c,21dc6570fc6bffad0e7b5f9e99211b82ad07c95ab4f18c3a2daa3b95ec98344c,True
BTCUSDT-fundingRate-2025-10.zip,https://data.binance.vision/data/futures/um/monthly/fundingRate/BTCUSDT/BTCUSDT-fundingRate-2025-10.zip,944,93,9ecdedab6344fc4cdb154763266b8e09627a71c3cc5574cf868158b541c259c2,9ecdedab6344fc4cdb154763266b8e09627a71c3cc5574cf868158b541c259c2,True
BTCUSDT-fundingRate-2025-11.zip,https://data.binance.vision/data/futures/um/monthly/fundingRate/BTCUSDT/BTCUSDT-fundingRate-2025-11.zip,941,90,23735400405627d610123e3a43db3e98ae7addb93459cd670e65a7659a5f081b,23735400405627d610123e3a43db3e98ae7addb93459cd670e65a7659a5f081b,True
BTCUSDT-fundingRate-2025-12.zip,https://data.binance.vision/data/futures/um/monthly/fundingRate/BTCUSDT/BTCUSDT-fundingRate-2025-12.zip,963,93,35318b789f020b0e04c9043112480743855554e52e1d188437cbdaa67246d51d,35318b789f020b0e04c9043112480743855554e52e1d188437cbdaa67246d51d,True
BTCUSDT-fundingRate-2026-01.zip,https://data.binance.vision/data/futures/um/monthly/fundingRate/BTCUSDT/BTCUSDT-fundingRate-2026-01.zip,965,93,fcdc796484f395830d418588a34a26baed8849dbef0ff2b56173247e493ff51f,fcdc796484f395830d418588a34a26baed8849dbef0ff2b56173247e493ff51f,True
BTCUSDT-fundingRate-2026-02.zip,https://data.binance.vision/data/futures/um/monthly/fundingRate/BTCUSDT/BTCUSDT-fundingRate-2026-02.zip,937,84,80df1dd669dc1e3afc360c9da8b9a949a127fce088eedbf5bf708bd37b0a1f58,80df1dd669dc1e3afc360c9da8b9a949a127fce088eedbf5bf708bd37b0a1f58,True
BTCUSDT-fundingRate-2026-03.zip,https://data.binance.vision/data/futures/um/monthly/fundingRate/BTCUSDT/BTCUSDT-fundingRate-2026-03.zip,1008,93,5c069d5e9597a44fd0e213395082e59ff223fb99c9eab3a2a5a2a5622ba7867c,5c069d5e9597a44fd0e213395082e59ff223fb99c9eab3a2a5a2a5622ba7867c,True
BTCUSDT-fundingRate-2026-04.zip,https://data.binance.vision/data/futures/um/monthly/fundingRate/BTCUSDT/BTCUSDT-fundingRate-2026-04.zip,960,90,51cdeb4de7d5ef1d4eece80b6115e391bdf7a2d0803bf9ad8371ab23340b22d3,51cdeb4de7d5ef1d4eece80b6115e391bdf7a2d0803bf9ad8371ab23340b22d3,True
BTCUSDT-fundingRate-2026-05.zip,https://data.binance.vision/data/futures/um/monthly/fundingRate/BTCUSDT/BTCUSDT-fundingRate-2026-05.zip,980,93,445b65fd6b17bfcfb5e4d035db29fad34f729fa078f0449024db42621be84e6e,445b65fd6b17bfcfb5e4d035db29fad34f729fa078f0449024db42621be84e6e,True
BTCUSDT-fundingRate-2026-06.zip,https://data.binance.vision/data/futures/um/monthly/fundingRate/BTCUSDT/BTCUSDT-fundingRate-2026-06.zip,964,90,cff97ce688329592bccbbf5873b5c7021649e093f5f5806e332c5b4fb7fd6a00,cff97ce688329592bccbbf5873b5c7021649e093f5f5806e332c5b4fb7fd6a00,True
BTCUSDT-fundingRate-2026-07.zip,https://data.binance.vision/data/futures/um/monthly/fundingRate/BTCUSDT/BTCUSDT-fundingRate-2026-07.zip,914,93,e36fcc66f493d7d9ec348c852fc22e9f318c79cf7adae17398a3994ae0adc41e,e36fcc66f493d7d9ec348c852fc22e9f318c79cf7adae17398a3994ae0adc41e,True
BTCUSDT-fundingRate-2026-08.zip,https://data.binance.vision/data/futures/um/monthly/fundingRate/BTCUSDT/BTCUSDT-fundingRate-2026-08.zip,896,93,7c108b3a02bd6dc7345ca7323e3a49664edcea0afdcf780ffb3b44762c45a964,7c108b3a02bd6dc7345ca7323e3a49664edcea0afdcf780ffb3b44762c45a964,True
BTCUSDT-fundingRate-2026-09.zip,https://data.binance.vision/data/futures/um/monthly/fundingRate/BTCUSDT/BTCUSDT-fundingRate-2026-09.zip,924,90,913cd31b8f924a06717a2fac17f3df6132c24ccded209eb3e4ae7d83e1b247f2,913cd31b8f924a06717a2fac17f3df6132c24ccded209eb3e4ae7d83e1b247f2,True
BTCUSDT-8h-2020-01.zip,https://data.binance.vision/data/futures/um/monthly/klines/BTCUSDT/8h/BTCUSDT-8h-2020-01.zip,5319,93,53746f8b963f8b49c553a0bd83327ddd0b34001135d178a668ae34ec79dcefd7,53746f8b963f8b49c553a0bd83327ddd0b34001135d178a668ae34ec79dcefd7,True
BTCUSDT-8h-2020-02.zip,https://data.binance.vision/data/futures/um/monthly/klines/BTCUSDT/8h/BTCUSDT-8h-2020-02.zip,5014,87,e742eca794cbd7f2b791b8c59d5a7109812820ca6331545337b4df49c6b0a20f,e742eca794cbd7f2b791b8c59d5a7109812820ca6331545337b4df49c6b0a20f,True
BTCUSDT-8h-2020-03.zip,https://data.binance.vision/data/futures/um/monthly/klines/BTCUSDT/8h/BTCUSDT-8h-2020-03.zip,5437,93,229ebf3aa0a66791b51e759835bacce42ed75b5fd21575f73bbd0c22e9be6644,229ebf3aa0a66791b51e759835bacce42ed75b5fd21575f73bbd0c22e9be6644,True
BTCUSDT-8h-2020-04.zip,https://data.binance.vision/data/futures/um/monthly/klines/BTCUSDT/8h/BTCUSDT-8h-2020-04.zip,5212,90,ba1eb14307f0d1cda39ef546649be2077bee26658bb9650fd86ec7db6c6b85e1,ba1eb14307f0d1cda39ef546649be2077bee26658bb9650fd86ec7db6c6b85e1,True
BTCUSDT-8h-2020-05.zip,https://data.binance.vision/data/futures/um/monthly/klines/BTCUSDT/8h/BTCUSDT-8h-2020-05.zip,5442,93,23fa3816af85cea32e1f9d64469700deefe2ab8f0686b5b2783a25667a8b3d28,23fa3816af85cea32e1f9d64469700deefe2ab8f0686b5b2783a25667a8b3d28,True
BTCUSDT-8h-2020-06.zip,https://data.binance.vision/data/futures/um/monthly/klines/BTCUSDT/8h/BTCUSDT-8h-2020-06.zip,5166,90,af672b8a0aab0a4970a485c03e4d36cb8d20a694d96122fffe1b50e38499a5f5,af672b8a0aab0a4970a485c03e4d36cb8d20a694d96122fffe1b50e38499a5f5,True
BTCUSDT-8h-2020-07.zip,https://data.binance.vision/data/futures/um/monthly/klines/BTCUSDT/8h/BTCUSDT-8h-2020-07.zip,5309,93,4eb97a7f4e12b996a6ae95bb9a9163332297242d44da88f1fe16e5b2402d31d2,4eb97a7f4e12b996a6ae95bb9a9163332297242d44da88f1fe16e5b2402d31d2,True
BTCUSDT-8h-2020-08.zip,https://data.binance.vision/data/futures/um/monthly/klines/BTCUSDT/8h/BTCUSDT-8h-2020-08.zip,5366,93,56312d07b3a30472be505bff674cc3557fb6ad487db24a7cdebba82aaeb2bc3d,56312d07b3a30472be505bff674cc3557fb6ad487db24a7cdebba82aaeb2bc3d,True
BTCUSDT-8h-2020-09.zip,https://data.binance.vision/data/futures/um/monthly/klines/BTCUSDT/8h/BTCUSDT-8h-2020-09.zip,5260,90,d1ad4e5aadc9ee837f6f2f0366065601957813eb93a351962251b52b0ca75b04,d1ad4e5aadc9ee837f6f2f0366065601957813eb93a351962251b52b0ca75b04,True
BTCUSDT-8h-2020-10.zip,https://data.binance.vision/data/futures/um/monthly/klines/BTCUSDT/8h/BTCUSDT-8h-2020-10.zip,5398,93,595da0df4c23e4bb0f3563581193cf19d045ed5d1949a90e1bde937f2771dda9,595da0df4c23e4bb0f3563581193cf19d045ed5d1949a90e1bde937f2771dda9,True
BTCUSDT-8h-2020-11.zip,https://data.binance.vision/data/futures/um/monthly/klines/BTCUSDT/8h/BTCUSDT-8h-2020-11.zip,5378,90,b7ca64fccf947a9ee012d33ab57dbc1c2c5266414c9941f9dbc7df3506794a1b,b7ca64fccf947a9ee012d33ab57dbc1c2c5266414c9941f9dbc7df3506794a1b,True
BTCUSDT-8h-2020-12.zip,https://data.binance.vision/data/futures/um/monthly/klines/BTCUSDT/8h/BTCUSDT-8h-2020-12.zip,5560,93,ba377a8d4581da8af29c1f9b226c749bacf9c534e2c3e1c4211902bfd609e3bd,ba377a8d4581da8af29c1f9b226c749bacf9c534e2c3e1c4211902bfd609e3bd,True
BTCUSDT-8h-2021-01.zip,https://data.binance.vision/data/futures/um/monthly/klines/BTCUSDT/8h/BTCUSDT-8h-2021-01.zip,5713,93,2afcaaa659df05e5db2d516f63a92e80f3906fab8e04434759fd006c37440a50,2afcaaa659df05e5db2d516f63a92e80f3906fab8e04434759fd006c37440a50,True
BTCUSDT-8h-2021-02.zip,https://data.binance.vision/data/futures/um/monthly/klines/BTCUSDT/8h/BTCUSDT-8h-2021-02.zip,5152,84,706b9d60c49515c14907738a5ad26ec54cb0d150773c5f5985a5ff97cc48a5a5,706b9d60c49515c14907738a5ad26ec54cb0d150773c5f5985a5ff97cc48a5a5,True
BTCUSDT-8h-2021-03.zip,https://data.binance.vision/data/futures/um/monthly/klines/BTCUSDT/8h/BTCUSDT-8h-2021-03.zip,5695,93,9991100149bb86c17185d4957b8b3280d12f7e455fc6cda9b79d946edc4166ae,9991100149bb86c17185d4957b8b3280d12f7e455fc6cda9b79d946edc4166ae,True
BTCUSDT-8h-2021-04.zip,https://data.binance.vision/data/futures/um/monthly/klines/BTCUSDT/8h/BTCUSDT-8h-2021-04.zip,5518,90,47889582e17d5fe3ea86ba56613eb44355098eb167c9b00e0538190c2a20f09f,47889582e17d5fe3ea86ba56613eb44355098eb167c9b00e0538190c2a20f09f,True
BTCUSDT-8h-2021-05.zip,https://data.binance.vision/data/futures/um/monthly/klines/BTCUSDT/8h/BTCUSDT-8h-2021-05.zip,5745,93,c98c35caa82f945f14ba00f90df6c6a28c816c66b47097d0d4eb6edde3000395,c98c35caa82f945f14ba00f90df6c6a28c816c66b47097d0d4eb6edde3000395,True
BTCUSDT-8h-2021-06.zip,https://data.binance.vision/data/futures/um/monthly/klines/BTCUSDT/8h/BTCUSDT-8h-2021-06.zip,5558,90,b4fef5ceabe5cb3195545b9571304ec71d52790dfb646606bf85298ca9fd3ea9,b4fef5ceabe5cb3195545b9571304ec71d52790dfb646606bf85298ca9fd3ea9,True
BTCUSDT-8h-2021-07.zip,https://data.binance.vision/data/futures/um/monthly/klines/BTCUSDT/8h/BTCUSDT-8h-2021-07.zip,5666,93,6f1a7a5131f0dba04b8d524db534de9bceb8746d649fe80798cfe03d15b9b771,6f1a7a5131f0dba04b8d524db534de9bceb8746d649fe80798cfe03d15b9b771,True
BTCUSDT-8h-2021-08.zip,https://data.binance.vision/data/futures/um/monthly/klines/BTCUSDT/8h/BTCUSDT-8h-2021-08.zip,5662,93,f1cb25a838fff18fad7cd8c1cec5dffada67286919d05d2529c964cf68ba5330,f1cb25a838fff18fad7cd8c1cec5dffada67286919d05d2529c964cf68ba5330,True
BTCUSDT-8h-2021-09.zip,https://data.binance.vision/data/futures/um/monthly/klines/BTCUSDT/8h/BTCUSDT-8h-2021-09.zip,5494,90,b915b7207856316c52cf7bf315ab0d6dcbfccff970dbb1d05144bb96fd02e6e2,b915b7207856316c52cf7bf315ab0d6dcbfccff970dbb1d05144bb96fd02e6e2,True
BTCUSDT-8h-2021-10.zip,https://data.binance.vision/data/futures/um/monthly/klines/BTCUSDT/8h/BTCUSDT-8h-2021-10.zip,5660,93,a083631390e5e710a5344eaca06f995a6234d1cdc9294d70468db2993f132476,a083631390e5e710a5344eaca06f995a6234d1cdc9294d70468db2993f132476,True
BTCUSDT-8h-2021-11.zip,https://data.binance.vision/data/futures/um/monthly/klines/BTCUSDT/8h/BTCUSDT-8h-2021-11.zip,5438,90,3f0d1b11702efd2c6e6095869359d02e584feb8cd25c3e1a710882b5cb1da564,3f0d1b11702efd2c6e6095869359d02e584feb8cd25c3e1a710882b5cb1da564,True
BTCUSDT-8h-2021-12.zip,https://data.binance.vision/data/futures/um/monthly/klines/BTCUSDT/8h/BTCUSDT-8h-2021-12.zip,5650,93,5fc14dd5fd42c8547e8967e245c93de70a58ca13cd271eb2ae76090fbec54faa,5fc14dd5fd42c8547e8967e245c93de70a58ca13cd271eb2ae76090fbec54faa,True
BTCUSDT-8h-2022-01.zip,https://data.binance.vision/data/futures/um/monthly/klines/BTCUSDT/8h/BTCUSDT-8h-2022-01.zip,5739,93,b34a6cb3770598218a142a33111fe0d6f38dc938fca417c87a85cb611166ca76,b34a6cb3770598218a142a33111fe0d6f38dc938fca417c87a85cb611166ca76,True
BTCUSDT-8h-2022-02.zip,https://data.binance.vision/data/futures/um/monthly/klines/BTCUSDT/8h/BTCUSDT-8h-2022-02.zip,5224,84,f9c218533c8113864ec9398a989ba37b0c01053109749f4903a53788b2970a8e,f9c218533c8113864ec9398a989ba37b0c01053109749f4903a53788b2970a8e,True
BTCUSDT-8h-2022-03.zip,https://data.binance.vision/data/futures/um/monthly/klines/BTCUSDT/8h/BTCUSDT-8h-2022-03.zip,5637,93,4a1342aa09d1dc4b791ce63d6fa5ffbf8652b72ff851c4ce5a848b0a6dbaf7c1,4a1342aa09d1dc4b791ce63d6fa5ffbf8652b72ff851c4ce5a848b0a6dbaf7c1,True
BTCUSDT-8h-2022-04.zip,https://data.binance.vision/data/futures/um/monthly/klines/BTCUSDT/8h/BTCUSDT-8h-2022-04.zip,5413,90,1f48b6ae137e8786dd6dc1e51bea175d8dd32cb5e7d28d58b9f4054a12ea8122,1f48b6ae137e8786dd6dc1e51bea175d8dd32cb5e7d28d58b9f4054a12ea8122,True
BTCUSDT-8h-2022-05.zip,https://data.binance.vision/data/futures/um/monthly/klines/BTCUSDT/8h/BTCUSDT-8h-2022-05.zip,5662,93,0f9cfdeacfc824aba1b65a65ae3ee909ba145de43728525b1d30332a62ea53a8,0f9cfdeacfc824aba1b65a65ae3ee909ba145de43728525b1d30332a62ea53a8,True
BTCUSDT-8h-2022-06.zip,https://data.binance.vision/data/futures/um/monthly/klines/BTCUSDT/8h/BTCUSDT-8h-2022-06.zip,5471,90,2739992c1e518ca514a7b68966947d8f0e17afdf7179ce8e2afdb8eff2b74fee,2739992c1e518ca514a7b68966947d8f0e17afdf7179ce8e2afdb8eff2b74fee,True
BTCUSDT-8h-2022-07.zip,https://data.binance.vision/data/futures/um/monthly/klines/BTCUSDT/8h/BTCUSDT-8h-2022-07.zip,5631,93,f72f9ab9700fd5ead4ba9fe70f6ca1c9d77b0f701411ea7ba882697677d81e94,f72f9ab9700fd5ead4ba9fe70f6ca1c9d77b0f701411ea7ba882697677d81e94,True
BTCUSDT-8h-2022-08.zip,https://data.binance.vision/data/futures/um/monthly/klines/BTCUSDT/8h/BTCUSDT-8h-2022-08.zip,5612,93,3ff129962ac5f2990a472e98e31f5c44b6bbcc362dfe76323735da61eddac119,3ff129962ac5f2990a472e98e31f5c44b6bbcc362dfe76323735da61eddac119,True
BTCUSDT-8h-2022-09.zip,https://data.binance.vision/data/futures/um/monthly/klines/BTCUSDT/8h/BTCUSDT-8h-2022-09.zip,5440,90,2e738ffacd946713582734b76f3e5be7ff91b135688b49ecac1ec9fbb993aadc,2e738ffacd946713582734b76f3e5be7ff91b135688b49ecac1ec9fbb993aadc,True
BTCUSDT-8h-2022-10.zip,https://data.binance.vision/data/futures/um/monthly/klines/BTCUSDT/8h/BTCUSDT-8h-2022-10.zip,5522,93,dd919c82b7509d973befb28e430923ada2f051353ab149edc9bd68fcf36a0cea,dd919c82b7509d973befb28e430923ada2f051353ab149edc9bd68fcf36a0cea,True
BTCUSDT-8h-2022-11.zip,https://data.binance.vision/data/futures/um/monthly/klines/BTCUSDT/8h/BTCUSDT-8h-2022-11.zip,5362,90,577ca5bea0cb8d3e5636182a334688c7f2ce2840b59a4fffd57e25203bba6d3d,577ca5bea0cb8d3e5636182a334688c7f2ce2840b59a4fffd57e25203bba6d3d,True
BTCUSDT-8h-2022-12.zip,https://data.binance.vision/data/futures/um/monthly/klines/BTCUSDT/8h/BTCUSDT-8h-2022-12.zip,5393,93,8d25651b9243b30f10bb50240c197425ae0675eec256154ef27613733e9b2c4b,8d25651b9243b30f10bb50240c197425ae0675eec256154ef27613733e9b2c4b,True
BTCUSDT-8h-2023-01.zip,https://data.binance.vision/data/futures/um/monthly/klines/BTCUSDT/8h/BTCUSDT-8h-2023-01.zip,5530,93,228fd74871ed3c617230e8c530f182c5d046f69aa3a1957c5c107dfd46041b42,228fd74871ed3c617230e8c530f182c5d046f69aa3a1957c5c107dfd46041b42,True
BTCUSDT-8h-2023-02.zip,https://data.binance.vision/data/futures/um/monthly/klines/BTCUSDT/8h/BTCUSDT-8h-2023-02.zip,5048,84,871c497fb3fd956457f9ff9eed74089b9a16ee4533db91d4a125ecc3289969da,871c497fb3fd956457f9ff9eed74089b9a16ee4533db91d4a125ecc3289969da,True
BTCUSDT-8h-2023-03.zip,https://data.binance.vision/data/futures/um/monthly/klines/BTCUSDT/8h/BTCUSDT-8h-2023-03.zip,5607,93,c19b8ccbc61e118f7df96dc5f30059f5868500ffa76dd3580ab002ed3fb557e4,c19b8ccbc61e118f7df96dc5f30059f5868500ffa76dd3580ab002ed3fb557e4,True
BTCUSDT-8h-2023-04.zip,https://data.binance.vision/data/futures/um/monthly/klines/BTCUSDT/8h/BTCUSDT-8h-2023-04.zip,5412,90,9b3037e74a9bb06a329a5a1fae438b94e03c6906f015f3e72ed3d2165f0d9398,9b3037e74a9bb06a329a5a1fae438b94e03c6906f015f3e72ed3d2165f0d9398,True
BTCUSDT-8h-2023-05.zip,https://data.binance.vision/data/futures/um/monthly/klines/BTCUSDT/8h/BTCUSDT-8h-2023-05.zip,5575,93,9bcbe79b7d25942da411665b0f91828e9c0a8badddd4ec3d12a7278de813557a,9bcbe79b7d25942da411665b0f91828e9c0a8badddd4ec3d12a7278de813557a,True
BTCUSDT-8h-2023-06.zip,https://data.binance.vision/data/futures/um/monthly/klines/BTCUSDT/8h/BTCUSDT-8h-2023-06.zip,5444,90,3f06a06fa0cac37d869ada73328602c0ab6b840703b317370342dee2bdceef2e,3f06a06fa0cac37d869ada73328602c0ab6b840703b317370342dee2bdceef2e,True
BTCUSDT-8h-2023-07.zip,https://data.binance.vision/data/futures/um/monthly/klines/BTCUSDT/8h/BTCUSDT-8h-2023-07.zip,5503,93,cf9f8b9d505e0f2ab51e574d6700648a46f658393aa673220cb691da5ccdee5c,cf9f8b9d505e0f2ab51e574d6700648a46f658393aa673220cb691da5ccdee5c,True
BTCUSDT-8h-2023-08.zip,https://data.binance.vision/data/futures/um/monthly/klines/BTCUSDT/8h/BTCUSDT-8h-2023-08.zip,5470,93,81fdbad147ff0734b77a681587769e1a6a9d1c4337273bf46e8c7f31992ff4d5,81fdbad147ff0734b77a681587769e1a6a9d1c4337273bf46e8c7f31992ff4d5,True
BTCUSDT-8h-2023-09.zip,https://data.binance.vision/data/futures/um/monthly/klines/BTCUSDT/8h/BTCUSDT-8h-2023-09.zip,5261,90,495a61695bb3431ee5ea0e9e7efbe1c5d87fdb12a37a4db057849b866e661ea4,495a61695bb3431ee5ea0e9e7efbe1c5d87fdb12a37a4db057849b866e661ea4,True
BTCUSDT-8h-2023-10.zip,https://data.binance.vision/data/futures/um/monthly/klines/BTCUSDT/8h/BTCUSDT-8h-2023-10.zip,5481,93,e536712fb576a7b2c05db3b507530f5c1eaef5b32b19ce2095280a00f376b735,e536712fb576a7b2c05db3b507530f5c1eaef5b32b19ce2095280a00f376b735,True
BTCUSDT-8h-2023-11.zip,https://data.binance.vision/data/futures/um/monthly/klines/BTCUSDT/8h/BTCUSDT-8h-2023-11.zip,5333,90,330da4982cea8a552f7506054325e9368dd8a48471decca64bd5276f5d08a96f,330da4982cea8a552f7506054325e9368dd8a48471decca64bd5276f5d08a96f,True
BTCUSDT-8h-2023-12.zip,https://data.binance.vision/data/futures/um/monthly/klines/BTCUSDT/8h/BTCUSDT-8h-2023-12.zip,5547,93,1c3877efcee92ac25c00903ab2aaa9825da9184b93c931a028f5aadab2917c22,1c3877efcee92ac25c00903ab2aaa9825da9184b93c931a028f5aadab2917c22,True
BTCUSDT-8h-2024-01.zip,https://data.binance.vision/data/futures/um/monthly/klines/BTCUSDT/8h/BTCUSDT-8h-2024-01.zip,5623,93,c45c93cd0a75f2fbf9d0bf32eb49f8604fae2f33094b2f9a5bd2e648414844d0,c45c93cd0a75f2fbf9d0bf32eb49f8604fae2f33094b2f9a5bd2e648414844d0,True
BTCUSDT-8h-2024-02.zip,https://data.binance.vision/data/futures/um/monthly/klines/BTCUSDT/8h/BTCUSDT-8h-2024-02.zip,5294,87,037ae7d65dc6f0434fef18dc4b4dd7b2666f0359fe2977c19bb675c18162e2f7,037ae7d65dc6f0434fef18dc4b4dd7b2666f0359fe2977c19bb675c18162e2f7,True
BTCUSDT-8h-2024-03.zip,https://data.binance.vision/data/futures/um/monthly/klines/BTCUSDT/8h/BTCUSDT-8h-2024-03.zip,5672,93,3e57362f148a445ec253a13f47faaa6cfffade5d68c355438adb135625de1b62,3e57362f148a445ec253a13f47faaa6cfffade5d68c355438adb135625de1b62,True
BTCUSDT-8h-2024-04.zip,https://data.binance.vision/data/futures/um/monthly/klines/BTCUSDT/8h/BTCUSDT-8h-2024-04.zip,5462,90,209da6f09622f90a53f548a6bda3bef09743ebc0b2a04a3f22102ce402265da1,209da6f09622f90a53f548a6bda3bef09743ebc0b2a04a3f22102ce402265da1,True
BTCUSDT-8h-2024-05.zip,https://data.binance.vision/data/futures/um/monthly/klines/BTCUSDT/8h/BTCUSDT-8h-2024-05.zip,5561,93,7c9b8d1c0beaa974e516cba5915ebe7ddb56ce5e413aff3b0f25935196cffbb1,7c9b8d1c0beaa974e516cba5915ebe7ddb56ce5e413aff3b0f25935196cffbb1,True
BTCUSDT-8h-2024-06.zip,https://data.binance.vision/data/futures/um/monthly/klines/BTCUSDT/8h/BTCUSDT-8h-2024-06.zip,5346,90,6403c931c966fcab26a7c2d93f12f4b96f647fb4f5402fced3bce1596551d299,6403c931c966fcab26a7c2d93f12f4b96f647fb4f5402fced3bce1596551d299,True
BTCUSDT-8h-2024-07.zip,https://data.binance.vision/data/futures/um/monthly/klines/BTCUSDT/8h/BTCUSDT-8h-2024-07.zip,5551,93,37a7718bd8d7949774c02eb1ac552d4fbebe6a48f5bd63b880d3a0242643f02f,37a7718bd8d7949774c02eb1ac552d4fbebe6a48f5bd63b880d3a0242643f02f,True
BTCUSDT-8h-2024-08.zip,https://data.binance.vision/data/futures/um/monthly/klines/BTCUSDT/8h/BTCUSDT-8h-2024-08.zip,5609,93,23453c3992a0206aa8ebd28dfbfc3fca3cec078701cdf963fcca74a65f4cca1e,23453c3992a0206aa8ebd28dfbfc3fca3cec078701cdf963fcca74a65f4cca1e,True
BTCUSDT-8h-2024-09.zip,https://data.binance.vision/data/futures/um/monthly/klines/BTCUSDT/8h/BTCUSDT-8h-2024-09.zip,5397,90,167ed4f9f3b7c8089e4ca35106d07eb4b836a6644155e9d2b014ac0227f77a3a,167ed4f9f3b7c8089e4ca35106d07eb4b836a6644155e9d2b014ac0227f77a3a,True
BTCUSDT-8h-2024-10.zip,https://data.binance.vision/data/futures/um/monthly/klines/BTCUSDT/8h/BTCUSDT-8h-2024-10.zip,5534,93,cbeba0329cc681b5b03bf574640f309caabe10ae39c71e92170745cb2488746e,cbeba0329cc681b5b03bf574640f309caabe10ae39c71e92170745cb2488746e,True
BTCUSDT-8h-2024-11.zip,https://data.binance.vision/data/futures/um/monthly/klines/BTCUSDT/8h/BTCUSDT-8h-2024-11.zip,5482,90,88c981b40cf82a42f47bb659872667e8b578b4b16dfb400e12dd0bb3cd7fcd43,88c981b40cf82a42f47bb659872667e8b578b4b16dfb400e12dd0bb3cd7fcd43,True
BTCUSDT-8h-2024-12.zip,https://data.binance.vision/data/futures/um/monthly/klines/BTCUSDT/8h/BTCUSDT-8h-2024-12.zip,5611,93,b1709b9816acab2b8428a32aa7fa6551aa8e30452a0a80398d444edcbb542373,b1709b9816acab2b8428a32aa7fa6551aa8e30452a0a80398d444edcbb542373,True
BTCUSDT-8h-2025-01.zip,https://data.binance.vision/data/futures/um/monthly/klines/BTCUSDT/8h/BTCUSDT-8h-2025-01.zip,5611,93,e3547fb88b8a0ac17e4ae16f09f31c801bb0fc9e7e4d4a3fcdf76d45b2c306a1,e3547fb88b8a0ac17e4ae16f09f31c801bb0fc9e7e4d4a3fcdf76d45b2c306a1,True
BTCUSDT-8h-2025-02.zip,https://data.binance.vision/data/futures/um/monthly/klines/BTCUSDT/8h/BTCUSDT-8h-2025-02.zip,5063,84,719f84c11ee31eefaddb8610e8466c148275e800a24716b0df0b3aadbdf59239,719f84c11ee31eefaddb8610e8466c148275e800a24716b0df0b3aadbdf59239,True
BTCUSDT-8h-2025-03.zip,https://data.binance.vision/data/futures/um/monthly/klines/BTCUSDT/8h/BTCUSDT-8h-2025-03.zip,5610,93,6859bfc4546c32ba5424eb69184ab9321a7cc15eac4f1f3ab55f403b5531c9f0,6859bfc4546c32ba5424eb69184ab9321a7cc15eac4f1f3ab55f403b5531c9f0,True
BTCUSDT-8h-2025-04.zip,https://data.binance.vision/data/futures/um/monthly/klines/BTCUSDT/8h/BTCUSDT-8h-2025-04.zip,5416,90,381671f4fb25c7c64869ed195a3a43cfc9e4780aef4f5ac4c0280139677ce39e,381671f4fb25c7c64869ed195a3a43cfc9e4780aef4f5ac4c0280139677ce39e,True
BTCUSDT-8h-2025-05.zip,https://data.binance.vision/data/futures/um/monthly/klines/BTCUSDT/8h/BTCUSDT-8h-2025-05.zip,5593,93,07f5693db66708e85bcbbf9df00d1bf8c76b4a65a3a5acb868b987b2edb123cd,07f5693db66708e85bcbbf9df00d1bf8c76b4a65a3a5acb868b987b2edb123cd,True
BTCUSDT-8h-2025-06.zip,https://data.binance.vision/data/futures/um/monthly/klines/BTCUSDT/8h/BTCUSDT-8h-2025-06.zip,5433,90,5079b8f5a6cbc955c77b6cde9d5d4e7fb308b3d727641da67a318d68e497fa67,5079b8f5a6cbc955c77b6cde9d5d4e7fb308b3d727641da67a318d68e497fa67,True
BTCUSDT-8h-2025-07.zip,https://data.binance.vision/data/futures/um/monthly/klines/BTCUSDT/8h/BTCUSDT-8h-2025-07.zip,5577,93,216e952426af6832677309d9bce7fa1564dba0cd1fccade808b8d1da4f3b0c6d,216e952426af6832677309d9bce7fa1564dba0cd1fccade808b8d1da4f3b0c6d,True
BTCUSDT-8h-2025-08.zip,https://data.binance.vision/data/futures/um/monthly/klines/BTCUSDT/8h/BTCUSDT-8h-2025-08.zip,5592,93,eabf2beb89a5bb7d5058e82ba05327bf728e3f31977192d0b854ed469529bafc,eabf2beb89a5bb7d5058e82ba05327bf728e3f31977192d0b854ed469529bafc,True
BTCUSDT-8h-2025-09.zip,https://data.binance.vision/data/futures/um/monthly/klines/BTCUSDT/8h/BTCUSDT-8h-2025-09.zip,5406,90,4b46c137cb8e0c2e885d3fc27e5d88b604c4dfb65b5f87c4e6c7fa21db5098f0,4b46c137cb8e0c2e885d3fc27e5d88b604c4dfb65b5f87c4e6c7fa21db5098f0,True
BTCUSDT-8h-2025-10.zip,https://data.binance.vision/data/futures/um/monthly/klines/BTCUSDT/8h/BTCUSDT-8h-2025-10.zip,5632,93,4746e2a346cf9e5f93f7f64977d21207f6e640147407a39f081d7d44b96f7362,4746e2a346cf9e5f93f7f64977d21207f6e640147407a39f081d7d44b96f7362,True
BTCUSDT-8h-2025-11.zip,https://data.binance.vision/data/futures/um/monthly/klines/BTCUSDT/8h/BTCUSDT-8h-2025-11.zip,5418,90,61bfdfe9b9eb6fa72f8002fed8a46766941c714bc957ecae379fcb4353c25d16,61bfdfe9b9eb6fa72f8002fed8a46766941c714bc957ecae379fcb4353c25d16,True
BTCUSDT-8h-2025-12.zip,https://data.binance.vision/data/futures/um/monthly/klines/BTCUSDT/8h/BTCUSDT-8h-2025-12.zip,5515,93,5a205abc41e10d5c57c732ffd19c5533b6c8adcc793b9be4e875ce41168c43f0,5a205abc41e10d5c57c732ffd19c5533b6c8adcc793b9be4e875ce41168c43f0,True
BTCUSDT-8h-2026-01.zip,https://data.binance.vision/data/futures/um/monthly/klines/BTCUSDT/8h/BTCUSDT-8h-2026-01.zip,5531,93,a6fc3ed747d0ab1cfafd2b4097fa39ab4e218aa4571d0bf6fb07803f62fb4d53,a6fc3ed747d0ab1cfafd2b4097fa39ab4e218aa4571d0bf6fb07803f62fb4d53,True
BTCUSDT-8h-2026-02.zip,https://data.binance.vision/data/futures/um/monthly/klines/BTCUSDT/8h/BTCUSDT-8h-2026-02.zip,5072,84,b0c936da6f2fef25b3d592e8276933130f6739d1c8eba497dac544f8bbedfdd8,b0c936da6f2fef25b3d592e8276933130f6739d1c8eba497dac544f8bbedfdd8,True
BTCUSDT-8h-2026-03.zip,https://data.binance.vision/data/futures/um/monthly/klines/BTCUSDT/8h/BTCUSDT-8h-2026-03.zip,5569,93,f9ade26d9ebecb34713c099d138c30bd99f16fa3624d5762d993e043a104151d,f9ade26d9ebecb34713c099d138c30bd99f16fa3624d5762d993e043a104151d,True
BTCUSDT-8h-2026-04.zip,https://data.binance.vision/data/futures/um/monthly/klines/BTCUSDT/8h/BTCUSDT-8h-2026-04.zip,5339,90,a7a5f446882bc92cd1a1c47b88ef3eace92b266445e520e63691d3bb82bfc980,a7a5f446882bc92cd1a1c47b88ef3eace92b266445e520e63691d3bb82bfc980,True
BTCUSDT-8h-2026-05.zip,https://data.binance.vision/data/futures/um/monthly/klines/BTCUSDT/8h/BTCUSDT-8h-2026-05.zip,5513,93,6eb7fa0928dc4f26f985c3f4c415c2720014f6ce4dfbbade30ea19f516c4127b,6eb7fa0928dc4f26f985c3f4c415c2720014f6ce4dfbbade30ea19f516c4127b,True
BTCUSDT-8h-2026-06.zip,https://data.binance.vision/data/futures/um/monthly/klines/BTCUSDT/8h/BTCUSDT-8h-2026-06.zip,5414,90,d41ff0f2ca369d8cddcd2f94c78a1b8b30132c3c7b9ad95ad32198ee0d4011aa,d41ff0f2ca369d8cddcd2f94c78a1b8b30132c3c7b9ad95ad32198ee0d4011aa,True
BTCUSDT-8h-2026-07.zip,https://data.binance.vision/data/futures/um/monthly/klines/BTCUSDT/8h/BTCUSDT-8h-2026-07.zip,5499,93,ef143c97bf2d878d51b1d073721eab8341bd9fd22c0de498b25691bb421d6da2,ef143c97bf2d878d51b1d073721eab8341bd9fd22c0de498b25691bb421d6da2,True
BTCUSDT-8h-2026-08.zip,https://data.binance.vision/data/futures/um/monthly/klines/BTCUSDT/8h/BTCUSDT-8h-2026-08.zip,5485,93,ae9f7f3013d48e1bc689edb2d2a7c7c44be392179d80c16d523d37edbda16093,ae9f7f3013d48e1bc689edb2d2a7c7c44be392179d80c16d523d37edbda16093,True
BTCUSDT-8h-2026-09.zip,https://data.binance.vision/data/futures/um/monthly/klines/BTCUSDT/8h/BTCUSDT-8h-2026-09.zip,5363,90,473c08f56dc17aeb928bb352a4edd188e1af0720124334cb3f8ecca41c37d36f,473c08f56dc17aeb928bb352a4edd188e1af0720124334cb3f8ecca41c37d36f,True
BTCUSDT-8h-2020-01.zip,https://data.binance.vision/data/spot/monthly/klines/BTCUSDT/8h/BTCUSDT-8h-2020-01.zip,6083,93,d4f21b1f3a414f64635a9186a1349804cc70de4eeee2463f2a2142d7ce0c2bf0,d4f21b1f3a414f64635a9186a1349804cc70de4eeee2463f2a2142d7ce0c2bf0,True
BTCUSDT-8h-2020-02.zip,https://data.binance.vision/data/spot/monthly/klines/BTCUSDT/8h/BTCUSDT-8h-2020-02.zip,5690,87,4ca57c9132457a4f9ef7b53a209fca6746e5d98c0aa933d5cccec543c964b1aa,4ca57c9132457a4f9ef7b53a209fca6746e5d98c0aa933d5cccec543c964b1aa,True
BTCUSDT-8h-2020-03.zip,https://data.binance.vision/data/spot/monthly/klines/BTCUSDT/8h/BTCUSDT-8h-2020-03.zip,6162,93,5fab691d1ffb4d4b72354867447dd2ad586adfdc55d444ef08952b4ae7f451a6,5fab691d1ffb4d4b72354867447dd2ad586adfdc55d444ef08952b4ae7f451a6,True
BTCUSDT-8h-2020-04.zip,https://data.binance.vision/data/spot/monthly/klines/BTCUSDT/8h/BTCUSDT-8h-2020-04.zip,5904,90,69d5e54f6a6fd277000f5aa442a04ec8d33f261d880658fb3d375a1469ca1a96,69d5e54f6a6fd277000f5aa442a04ec8d33f261d880658fb3d375a1469ca1a96,True
BTCUSDT-8h-2020-05.zip,https://data.binance.vision/data/spot/monthly/klines/BTCUSDT/8h/BTCUSDT-8h-2020-05.zip,6101,93,145905942a456e889d29e98d71748aea03289bb2cc6bd88eaad4f0682d8d2e50,145905942a456e889d29e98d71748aea03289bb2cc6bd88eaad4f0682d8d2e50,True
BTCUSDT-8h-2020-06.zip,https://data.binance.vision/data/spot/monthly/klines/BTCUSDT/8h/BTCUSDT-8h-2020-06.zip,5825,90,c7b8ff444a95bf40d36b2c39364898b1cb23d6c3e370635ac91f768d10ff38cf,c7b8ff444a95bf40d36b2c39364898b1cb23d6c3e370635ac91f768d10ff38cf,True
BTCUSDT-8h-2020-07.zip,https://data.binance.vision/data/spot/monthly/klines/BTCUSDT/8h/BTCUSDT-8h-2020-07.zip,5998,93,4b43cc1b6904c22dd3fcde87471c6ea074416ecc472009d4b430270ea28f06dd,4b43cc1b6904c22dd3fcde87471c6ea074416ecc472009d4b430270ea28f06dd,True
BTCUSDT-8h-2020-08.zip,https://data.binance.vision/data/spot/monthly/klines/BTCUSDT/8h/BTCUSDT-8h-2020-08.zip,6080,93,1e8f58497b11d63fb1401379080fef9d5203e5390512c5cc99675ab230877551,1e8f58497b11d63fb1401379080fef9d5203e5390512c5cc99675ab230877551,True
BTCUSDT-8h-2020-09.zip,https://data.binance.vision/data/spot/monthly/klines/BTCUSDT/8h/BTCUSDT-8h-2020-09.zip,5903,90,06de3a940fc220f56044772fb44c4b90363394748198db43df6b3dddb5cac1d1,06de3a940fc220f56044772fb44c4b90363394748198db43df6b3dddb5cac1d1,True
BTCUSDT-8h-2020-10.zip,https://data.binance.vision/data/spot/monthly/klines/BTCUSDT/8h/BTCUSDT-8h-2020-10.zip,6073,93,9df2c4a75cdcdc7fc11bca402975cc17af61918f7ff8a60bc953a502cfba7e90,9df2c4a75cdcdc7fc11bca402975cc17af61918f7ff8a60bc953a502cfba7e90,True
BTCUSDT-8h-2020-11.zip,https://data.binance.vision/data/spot/monthly/klines/BTCUSDT/8h/BTCUSDT-8h-2020-11.zip,6038,90,3383d320d5dd2db10b16924f77f67feff77866724c8509ce32d14c151e522e0e,3383d320d5dd2db10b16924f77f67feff77866724c8509ce32d14c151e522e0e,True
BTCUSDT-8h-2020-12.zip,https://data.binance.vision/data/spot/monthly/klines/BTCUSDT/8h/BTCUSDT-8h-2020-12.zip,6204,93,20bf6143984c3dfbb3d43f090d930f7e0e5a89fd8a46e1b1b48d7eff945d63cb,20bf6143984c3dfbb3d43f090d930f7e0e5a89fd8a46e1b1b48d7eff945d63cb,True
BTCUSDT-8h-2021-01.zip,https://data.binance.vision/data/spot/monthly/klines/BTCUSDT/8h/BTCUSDT-8h-2021-01.zip,6378,93,9c57cdb7e491795b60cf24f33acdf9e8f1fac7b13db901b9451d3cddc8a8a075,9c57cdb7e491795b60cf24f33acdf9e8f1fac7b13db901b9451d3cddc8a8a075,True
BTCUSDT-8h-2021-02.zip,https://data.binance.vision/data/spot/monthly/klines/BTCUSDT/8h/BTCUSDT-8h-2021-02.zip,5767,84,08feccf9ff5b48ac69e3a1ed84c4cf724236d4d50cf3fd944d2b77e6da4911fb,08feccf9ff5b48ac69e3a1ed84c4cf724236d4d50cf3fd944d2b77e6da4911fb,True
BTCUSDT-8h-2021-03.zip,https://data.binance.vision/data/spot/monthly/klines/BTCUSDT/8h/BTCUSDT-8h-2021-03.zip,6335,93,f12439f87b03d8048445410daeef46dc38b72348baa006a51a168cbe1f38212e,f12439f87b03d8048445410daeef46dc38b72348baa006a51a168cbe1f38212e,True
BTCUSDT-8h-2021-04.zip,https://data.binance.vision/data/spot/monthly/klines/BTCUSDT/8h/BTCUSDT-8h-2021-04.zip,6136,90,7ce713b6f11fc1fc17888871be3936f36c2632ff0f19aa469e08093e399871e3,7ce713b6f11fc1fc17888871be3936f36c2632ff0f19aa469e08093e399871e3,True
BTCUSDT-8h-2021-05.zip,https://data.binance.vision/data/spot/monthly/klines/BTCUSDT/8h/BTCUSDT-8h-2021-05.zip,6374,93,ea7e199de3a7dce02355e370cc0223ddf618391047b936e8907c2cc40fd67dde,ea7e199de3a7dce02355e370cc0223ddf618391047b936e8907c2cc40fd67dde,True
BTCUSDT-8h-2021-06.zip,https://data.binance.vision/data/spot/monthly/klines/BTCUSDT/8h/BTCUSDT-8h-2021-06.zip,6122,90,b1d57ebcb542c3a1037807d1ab1b2bf1e97ba289c47b66bf7eaa3f8d45efa074,b1d57ebcb542c3a1037807d1ab1b2bf1e97ba289c47b66bf7eaa3f8d45efa074,True
BTCUSDT-8h-2021-07.zip,https://data.binance.vision/data/spot/monthly/klines/BTCUSDT/8h/BTCUSDT-8h-2021-07.zip,6290,93,7b29410ec3ad42fab3bac094294394aaa2b6ff66c87f2d6c827ea780fcfdd94a,7b29410ec3ad42fab3bac094294394aaa2b6ff66c87f2d6c827ea780fcfdd94a,True
BTCUSDT-8h-2021-08.zip,https://data.binance.vision/data/spot/monthly/klines/BTCUSDT/8h/BTCUSDT-8h-2021-08.zip,6229,93,9fe1119c39b0d44f62afb036d03b5b8b106265898276db8a8b4f2e6f018405e7,9fe1119c39b0d44f62afb036d03b5b8b106265898276db8a8b4f2e6f018405e7,True
BTCUSDT-8h-2021-09.zip,https://data.binance.vision/data/spot/monthly/klines/BTCUSDT/8h/BTCUSDT-8h-2021-09.zip,5971,90,9e259779821338000f8e6f7c5e3c5891000bc30fd1d24772f043095de405749f,9e259779821338000f8e6f7c5e3c5891000bc30fd1d24772f043095de405749f,True
BTCUSDT-8h-2021-10.zip,https://data.binance.vision/data/spot/monthly/klines/BTCUSDT/8h/BTCUSDT-8h-2021-10.zip,6164,93,8b5e4be8b1edc8b3f21a889130855a7ae957eee0958274006de117ecbb41df1f,8b5e4be8b1edc8b3f21a889130855a7ae957eee0958274006de117ecbb41df1f,True
BTCUSDT-8h-2021-11.zip,https://data.binance.vision/data/spot/monthly/klines/BTCUSDT/8h/BTCUSDT-8h-2021-11.zip,5937,90,6e273947fe8ad7c84b1f46214bd4745036ed5e1a6589830da4dae7e2684f4d31,6e273947fe8ad7c84b1f46214bd4745036ed5e1a6589830da4dae7e2684f4d31,True
BTCUSDT-8h-2021-12.zip,https://data.binance.vision/data/spot/monthly/klines/BTCUSDT/8h/BTCUSDT-8h-2021-12.zip,6097,93,5bd9f89efc017cc4ea7c27c252fb8c14c5ea364cdd1ec16f7c37a34e75a3368c,5bd9f89efc017cc4ea7c27c252fb8c14c5ea364cdd1ec16f7c37a34e75a3368c,True
BTCUSDT-8h-2022-01.zip,https://data.binance.vision/data/spot/monthly/klines/BTCUSDT/8h/BTCUSDT-8h-2022-01.zip,6084,93,8dd655a2ac505e530f4b2ed8ed6383012eea86bb1beb43ff90e48a132920f8e0,8dd655a2ac505e530f4b2ed8ed6383012eea86bb1beb43ff90e48a132920f8e0,True
BTCUSDT-8h-2022-02.zip,https://data.binance.vision/data/spot/monthly/klines/BTCUSDT/8h/BTCUSDT-8h-2022-02.zip,5530,84,dbe5bc03734c97d6b054e6b55e5da1f1faeaeea984b49075fc1ad41c6481f081,dbe5bc03734c97d6b054e6b55e5da1f1faeaeea984b49075fc1ad41c6481f081,True
BTCUSDT-8h-2022-03.zip,https://data.binance.vision/data/spot/monthly/klines/BTCUSDT/8h/BTCUSDT-8h-2022-03.zip,6100,93,55036aaf80464dc37d144d5b07b1898e2fef2b91d6f3244430eaaa2c34c470da,55036aaf80464dc37d144d5b07b1898e2fef2b91d6f3244430eaaa2c34c470da,True
BTCUSDT-8h-2022-04.zip,https://data.binance.vision/data/spot/monthly/klines/BTCUSDT/8h/BTCUSDT-8h-2022-04.zip,5902,90,f1439b3f1179679a240ece8aa4e510e6e06180995b0cb89a5e3fed7b82c0f732,f1439b3f1179679a240ece8aa4e510e6e06180995b0cb89a5e3fed7b82c0f732,True
BTCUSDT-8h-2022-05.zip,https://data.binance.vision/data/spot/monthly/klines/BTCUSDT/8h/BTCUSDT-8h-2022-05.zip,6140,93,b03a656435d20272821a0701f81bf82bdb3923126f061a78cdb47141f48dd381,b03a656435d20272821a0701f81bf82bdb3923126f061a78cdb47141f48dd381,True
BTCUSDT-8h-2022-06.zip,https://data.binance.vision/data/spot/monthly/klines/BTCUSDT/8h/BTCUSDT-8h-2022-06.zip,5935,90,4aa3121076c16c339e19f6a6f20a175382928fbda858f3ddef19e7938d7a0834,4aa3121076c16c339e19f6a6f20a175382928fbda858f3ddef19e7938d7a0834,True
BTCUSDT-8h-2022-07.zip,https://data.binance.vision/data/spot/monthly/klines/BTCUSDT/8h/BTCUSDT-8h-2022-07.zip,6228,93,cea06cb3e437413d31bb9026c7f7fcb745019b8d551926281f70f2adc7c86792,cea06cb3e437413d31bb9026c7f7fcb745019b8d551926281f70f2adc7c86792,True
BTCUSDT-8h-2022-08.zip,https://data.binance.vision/data/spot/monthly/klines/BTCUSDT/8h/BTCUSDT-8h-2022-08.zip,6288,93,00984002a9bf745388cbeca8799df581c7365888d19d7c59aaf67a7a5db5a806,00984002a9bf745388cbeca8799df581c7365888d19d7c59aaf67a7a5db5a806,True
BTCUSDT-8h-2022-09.zip,https://data.binance.vision/data/spot/monthly/klines/BTCUSDT/8h/BTCUSDT-8h-2022-09.zip,6074,90,bb8de0fbfe9c6a9c36e5cb57102a782506ecc34499f53df62cb0e4a9b49b629d,bb8de0fbfe9c6a9c36e5cb57102a782506ecc34499f53df62cb0e4a9b49b629d,True
BTCUSDT-8h-2022-10.zip,https://data.binance.vision/data/spot/monthly/klines/BTCUSDT/8h/BTCUSDT-8h-2022-10.zip,6192,93,cf7f5dcab8ce3ddc3a6b6fc8e25270c2a5234f7316773284cb67ef4824a65370,cf7f5dcab8ce3ddc3a6b6fc8e25270c2a5234f7316773284cb67ef4824a65370,True
BTCUSDT-8h-2022-11.zip,https://data.binance.vision/data/spot/monthly/klines/BTCUSDT/8h/BTCUSDT-8h-2022-11.zip,6089,90,d5c9b752df3ed6e9c3e1e2be7d4ab7df54e54851f62a388609bb2153cebf61b7,d5c9b752df3ed6e9c3e1e2be7d4ab7df54e54851f62a388609bb2153cebf61b7,True
BTCUSDT-8h-2022-12.zip,https://data.binance.vision/data/spot/monthly/klines/BTCUSDT/8h/BTCUSDT-8h-2022-12.zip,6177,93,bf27abe005e403a0216ef98572a649d32e4f1d4bbdcca53b06bb2a3485f4cc57,bf27abe005e403a0216ef98572a649d32e4f1d4bbdcca53b06bb2a3485f4cc57,True
BTCUSDT-8h-2023-01.zip,https://data.binance.vision/data/spot/monthly/klines/BTCUSDT/8h/BTCUSDT-8h-2023-01.zip,6285,93,bbe9bf31dbfa98b2d042152e26933a5c161ca679bed567f14c77debbf432ca9e,bbe9bf31dbfa98b2d042152e26933a5c161ca679bed567f14c77debbf432ca9e,True
BTCUSDT-8h-2023-02.zip,https://data.binance.vision/data/spot/monthly/klines/BTCUSDT/8h/BTCUSDT-8h-2023-02.zip,5728,84,b8816f7972235e2c12d27908a72dd278982731c7457739b49d834df025dc4668,b8816f7972235e2c12d27908a72dd278982731c7457739b49d834df025dc4668,True
BTCUSDT-8h-2023-03.zip,https://data.binance.vision/data/spot/monthly/klines/BTCUSDT/8h/BTCUSDT-8h-2023-03.zip,6261,93,32cf3d09f51e0fa677ca7aa987f2c22d640cc764952846f9df9543156f015692,32cf3d09f51e0fa677ca7aa987f2c22d640cc764952846f9df9543156f015692,True
BTCUSDT-8h-2023-04.zip,https://data.binance.vision/data/spot/monthly/klines/BTCUSDT/8h/BTCUSDT-8h-2023-04.zip,5837,90,a3012887f4a232aeaeef0b0720b7f8c41cf727bf8552619fd15f8efdfbd34b8b,a3012887f4a232aeaeef0b0720b7f8c41cf727bf8552619fd15f8efdfbd34b8b,True
BTCUSDT-8h-2023-05.zip,https://data.binance.vision/data/spot/monthly/klines/BTCUSDT/8h/BTCUSDT-8h-2023-05.zip,6021,93,6fdbfed83802c52f6b6ec6cf60c8d556fe09834f721c1189b3fd60b99273f9bf,6fdbfed83802c52f6b6ec6cf60c8d556fe09834f721c1189b3fd60b99273f9bf,True
BTCUSDT-8h-2023-06.zip,https://data.binance.vision/data/spot/monthly/klines/BTCUSDT/8h/BTCUSDT-8h-2023-06.zip,5849,90,3d8b3d442eb7710bb6d85f279ba5eebbaf71accdffa11e051d088161194186e5,3d8b3d442eb7710bb6d85f279ba5eebbaf71accdffa11e051d088161194186e5,True
BTCUSDT-8h-2023-07.zip,https://data.binance.vision/data/spot/monthly/klines/BTCUSDT/8h/BTCUSDT-8h-2023-07.zip,5899,93,8d58321ff6b1a001dcfbc2b6cf4374adbfe1c8b81e7ec33b79c530c8776d6226,8d58321ff6b1a001dcfbc2b6cf4374adbfe1c8b81e7ec33b79c530c8776d6226,True
BTCUSDT-8h-2023-08.zip,https://data.binance.vision/data/spot/monthly/klines/BTCUSDT/8h/BTCUSDT-8h-2023-08.zip,5955,93,5939b7b6ef853192c63855669b9309947ed6672eae4b53ddb9ebca54348b2a70,5939b7b6ef853192c63855669b9309947ed6672eae4b53ddb9ebca54348b2a70,True
BTCUSDT-8h-2023-09.zip,https://data.binance.vision/data/spot/monthly/klines/BTCUSDT/8h/BTCUSDT-8h-2023-09.zip,5721,90,d355dff3f0700274f277a87f116755405c84ae63e3227436e8126ec74e22273d,d355dff3f0700274f277a87f116755405c84ae63e3227436e8126ec74e22273d,True
BTCUSDT-8h-2023-10.zip,https://data.binance.vision/data/spot/monthly/klines/BTCUSDT/8h/BTCUSDT-8h-2023-10.zip,5989,93,31fcc4f7f1b388d1547cbc514f766c51817b7175acc0968eb3b17b4a770107e9,31fcc4f7f1b388d1547cbc514f766c51817b7175acc0968eb3b17b4a770107e9,True
BTCUSDT-8h-2023-11.zip,https://data.binance.vision/data/spot/monthly/klines/BTCUSDT/8h/BTCUSDT-8h-2023-11.zip,5799,90,794a0d23db11cad93b02079f3f41d9dc13bc176079d155502d10d91c045fb497,794a0d23db11cad93b02079f3f41d9dc13bc176079d155502d10d91c045fb497,True
BTCUSDT-8h-2023-12.zip,https://data.binance.vision/data/spot/monthly/klines/BTCUSDT/8h/BTCUSDT-8h-2023-12.zip,6048,93,5346b5f5004b977cde4962cd0a2b64b79acf619489050ebc6e8c9d43cf3afa82,5346b5f5004b977cde4962cd0a2b64b79acf619489050ebc6e8c9d43cf3afa82,True
BTCUSDT-8h-2024-01.zip,https://data.binance.vision/data/spot/monthly/klines/BTCUSDT/8h/BTCUSDT-8h-2024-01.zip,6084,93,2270648837c89c7b68b7b9eabe8a0034af9f98e779460202fab900fb36738675,2270648837c89c7b68b7b9eabe8a0034af9f98e779460202fab900fb36738675,True
BTCUSDT-8h-2024-02.zip,https://data.binance.vision/data/spot/monthly/klines/BTCUSDT/8h/BTCUSDT-8h-2024-02.zip,5690,87,cf25b3d931164076b80ede27e6ab1be85a02d88f1b7bf61cbc2efb5a64d6381b,cf25b3d931164076b80ede27e6ab1be85a02d88f1b7bf61cbc2efb5a64d6381b,True
BTCUSDT-8h-2024-03.zip,https://data.binance.vision/data/spot/monthly/klines/BTCUSDT/8h/BTCUSDT-8h-2024-03.zip,6155,93,0832b5f190630d08799aed0912efd479159fd6fb7f331cce840110f3186471a4,0832b5f190630d08799aed0912efd479159fd6fb7f331cce840110f3186471a4,True
BTCUSDT-8h-2024-04.zip,https://data.binance.vision/data/spot/monthly/klines/BTCUSDT/8h/BTCUSDT-8h-2024-04.zip,5913,90,f8c6363de9b21737422706fe51fc350fa1ee2c98741cbd03e20533cd86a1cc4a,f8c6363de9b21737422706fe51fc350fa1ee2c98741cbd03e20533cd86a1cc4a,True
BTCUSDT-8h-2024-05.zip,https://data.binance.vision/data/spot/monthly/klines/BTCUSDT/8h/BTCUSDT-8h-2024-05.zip,6028,93,a43d3c92c22c50829daeef0bcfc532b5aef4f082568bbfd0074ae054a62f3759,a43d3c92c22c50829daeef0bcfc532b5aef4f082568bbfd0074ae054a62f3759,True
BTCUSDT-8h-2024-06.zip,https://data.binance.vision/data/spot/monthly/klines/BTCUSDT/8h/BTCUSDT-8h-2024-06.zip,5806,90,686e5dc559ce8b5b4281e4ae2f8df6c77c1e937ecc62efb8d4604e4710a85656,686e5dc559ce8b5b4281e4ae2f8df6c77c1e937ecc62efb8d4604e4710a85656,True
BTCUSDT-8h-2024-07.zip,https://data.binance.vision/data/spot/monthly/klines/BTCUSDT/8h/BTCUSDT-8h-2024-07.zip,6028,93,03711b3732fc0a2255cd097e316a4e569e3ea20478fe29459131aec2b49b334a,03711b3732fc0a2255cd097e316a4e569e3ea20478fe29459131aec2b49b334a,True
BTCUSDT-8h-2024-08.zip,https://data.binance.vision/data/spot/monthly/klines/BTCUSDT/8h/BTCUSDT-8h-2024-08.zip,6053,93,eb986a82a250e5a4e44ff6eee2ad1160e6ce8e21da41cc152b14fe8ddd71d9d8,eb986a82a250e5a4e44ff6eee2ad1160e6ce8e21da41cc152b14fe8ddd71d9d8,True
BTCUSDT-8h-2024-09.zip,https://data.binance.vision/data/spot/monthly/klines/BTCUSDT/8h/BTCUSDT-8h-2024-09.zip,5793,90,39857ddde8879648595bc07ce1e972223865dc0254c2b183aaa95189af89346e,39857ddde8879648595bc07ce1e972223865dc0254c2b183aaa95189af89346e,True
BTCUSDT-8h-2024-10.zip,https://data.binance.vision/data/spot/monthly/klines/BTCUSDT/8h/BTCUSDT-8h-2024-10.zip,6078,93,4ac99f0c47514ec777b4d7af1611b4d6f22b1606ab057e9ad0cdfd77c8fb10a4,4ac99f0c47514ec777b4d7af1611b4d6f22b1606ab057e9ad0cdfd77c8fb10a4,True
BTCUSDT-8h-2024-11.zip,https://data.binance.vision/data/spot/monthly/klines/BTCUSDT/8h/BTCUSDT-8h-2024-11.zip,5989,90,33bee32312db1aae6870604a253b0db0495dc768d5299d1959ec2653be6a5977,33bee32312db1aae6870604a253b0db0495dc768d5299d1959ec2653be6a5977,True
BTCUSDT-8h-2024-12.zip,https://data.binance.vision/data/spot/monthly/klines/BTCUSDT/8h/BTCUSDT-8h-2024-12.zip,6142,93,17e8d13e35947fcdd93c02ef620ba2304246c9c22f9c37003a7cfe1eb5460edd,17e8d13e35947fcdd93c02ef620ba2304246c9c22f9c37003a7cfe1eb5460edd,True
BTCUSDT-8h-2025-01.zip,https://data.binance.vision/data/spot/monthly/klines/BTCUSDT/8h/BTCUSDT-8h-2025-01.zip,6231,93,ba8149d24843c4bf5dec59a4fbac0b4dbf1f837cd1b6d45b24756040fe24b9f8,ba8149d24843c4bf5dec59a4fbac0b4dbf1f837cd1b6d45b24756040fe24b9f8,True
BTCUSDT-8h-2025-02.zip,https://data.binance.vision/data/spot/monthly/klines/BTCUSDT/8h/BTCUSDT-8h-2025-02.zip,5629,84,f6fad5baeec52783b5c53afe69385983994b675d06ccfbf713e2a39cb06198ea,f6fad5baeec52783b5c53afe69385983994b675d06ccfbf713e2a39cb06198ea,True
BTCUSDT-8h-2025-03.zip,https://data.binance.vision/data/spot/monthly/klines/BTCUSDT/8h/BTCUSDT-8h-2025-03.zip,6223,93,08816440313a9562a50eec16810c78b56adb441c55a1166aeb15ba141ec93092,08816440313a9562a50eec16810c78b56adb441c55a1166aeb15ba141ec93092,True
BTCUSDT-8h-2025-04.zip,https://data.binance.vision/data/spot/monthly/klines/BTCUSDT/8h/BTCUSDT-8h-2025-04.zip,5997,90,8ad1c9493d388edf28a9caa82c975a145c4f3be0c94b3f6d689597eaca7b0197,8ad1c9493d388edf28a9caa82c975a145c4f3be0c94b3f6d689597eaca7b0197,True
BTCUSDT-8h-2025-05.zip,https://data.binance.vision/data/spot/monthly/klines/BTCUSDT/8h/BTCUSDT-8h-2025-05.zip,6218,93,25f5d1e1a1c416c9c7548087c751daee909ea8b9e28c506b73b6794a53d9769b,25f5d1e1a1c416c9c7548087c751daee909ea8b9e28c506b73b6794a53d9769b,True
BTCUSDT-8h-2025-06.zip,https://data.binance.vision/data/spot/monthly/klines/BTCUSDT/8h/BTCUSDT-8h-2025-06.zip,5960,90,ca996f26563a60d4128f4705b38e9c72eeb93307ad348c2afd04dd2b18fbaf49,ca996f26563a60d4128f4705b38e9c72eeb93307ad348c2afd04dd2b18fbaf49,True
BTCUSDT-8h-2025-07.zip,https://data.binance.vision/data/spot/monthly/klines/BTCUSDT/8h/BTCUSDT-8h-2025-07.zip,6145,93,d28868f31c4c2b95b98a0458a2111638c09906717f26687caa9991595d61b874,d28868f31c4c2b95b98a0458a2111638c09906717f26687caa9991595d61b874,True
BTCUSDT-8h-2025-08.zip,https://data.binance.vision/data/spot/monthly/klines/BTCUSDT/8h/BTCUSDT-8h-2025-08.zip,6210,93,8c30c0317fd106b85164a127c7e7afc4aef68760aefc5378190aad4b6e18dd89,8c30c0317fd106b85164a127c7e7afc4aef68760aefc5378190aad4b6e18dd89,True
BTCUSDT-8h-2025-09.zip,https://data.binance.vision/data/spot/monthly/klines/BTCUSDT/8h/BTCUSDT-8h-2025-09.zip,5971,90,63219d85313fa37473fd13961297634bdf0d909242c1d689e79cb1881ff71e82,63219d85313fa37473fd13961297634bdf0d909242c1d689e79cb1881ff71e82,True
BTCUSDT-8h-2025-10.zip,https://data.binance.vision/data/spot/monthly/klines/BTCUSDT/8h/BTCUSDT-8h-2025-10.zip,6277,93,db3eb77f7c7f05131490293e2e33e81e5f45a0c90465ce70b2687fe272a8179f,db3eb77f7c7f05131490293e2e33e81e5f45a0c90465ce70b2687fe272a8179f,True
BTCUSDT-8h-2025-11.zip,https://data.binance.vision/data/spot/monthly/klines/BTCUSDT/8h/BTCUSDT-8h-2025-11.zip,6049,90,2bc43c270e100a8fa868b01dfc671fe52a3818df8b39e221e153910359b80874,2bc43c270e100a8fa868b01dfc671fe52a3818df8b39e221e153910359b80874,True
BTCUSDT-8h-2025-12.zip,https://data.binance.vision/data/spot/monthly/klines/BTCUSDT/8h/BTCUSDT-8h-2025-12.zip,6146,93,84a9b8b7635549827da839d2ab926bdabfcc2b7ef7699aa98f0efb5a42317784,84a9b8b7635549827da839d2ab926bdabfcc2b7ef7699aa98f0efb5a42317784,True
BTCUSDT-8h-2026-01.zip,https://data.binance.vision/data/spot/monthly/klines/BTCUSDT/8h/BTCUSDT-8h-2026-01.zip,6127,93,ec85063c7293cf04dbe9e89c58b6f72e629ee3b251d689806a73b45b7c347045,ec85063c7293cf04dbe9e89c58b6f72e629ee3b251d689806a73b45b7c347045,True
BTCUSDT-8h-2026-02.zip,https://data.binance.vision/data/spot/monthly/klines/BTCUSDT/8h/BTCUSDT-8h-2026-02.zip,5611,84,46b6521d0ad2cde95b38c0b8125f3d1a8b2811d1a3eaeacd2d9cd1555c8fb158,46b6521d0ad2cde95b38c0b8125f3d1a8b2811d1a3eaeacd2d9cd1555c8fb158,True
BTCUSDT-8h-2026-03.zip,https://data.binance.vision/data/spot/monthly/klines/BTCUSDT/8h/BTCUSDT-8h-2026-03.zip,6197,93,71a0e3e717d62a46c2de2e9d54cb3f4b14d15c28dc2e3f0058934a0dec1585af,71a0e3e717d62a46c2de2e9d54cb3f4b14d15c28dc2e3f0058934a0dec1585af,True
BTCUSDT-8h-2026-04.zip,https://data.binance.vision/data/spot/monthly/klines/BTCUSDT/8h/BTCUSDT-8h-2026-04.zip,5975,90,a6ea47cf4745c277cd373aa8ab61321f6e0042f903f6974c24d88dce9335b7b2,a6ea47cf4745c277cd373aa8ab61321f6e0042f903f6974c24d88dce9335b7b2,True
BTCUSDT-8h-2026-05.zip,https://data.binance.vision/data/spot/monthly/klines/BTCUSDT/8h/BTCUSDT-8h-2026-05.zip,6078,93,12d8bdaac7778cb4d4b92a868f519ed72e0574612e8c60792f9e32744634bef6,12d8bdaac7778cb4d4b92a868f519ed72e0574612e8c60792f9e32744634bef6,True
BTCUSDT-8h-2026-06.zip,https://data.binance.vision/data/spot/monthly/klines/BTCUSDT/8h/BTCUSDT-8h-2026-06.zip,5898,90,2a8e84cec9ab13b8011f45beb36beef43f8b2897bbd3f91b0b0876bdd168c7be,2a8e84cec9ab13b8011f45beb36beef43f8b2897bbd3f91b0b0876bdd168c7be,True
BTCUSDT-8h-2026-07.zip,https://data.binance.vision/data/spot/monthly/klines/BTCUSDT/8h/BTCUSDT-8h-2026-07.zip,6063,93,6f8eb543bc5f0cbd6b7b84a50daaaca5d1c87c035abd2f05683b8c0812402b1a,6f8eb543bc5f0cbd6b7b84a50daaaca5d1c87c035abd2f05683b8c0812402b1a,True
BTCUSDT-8h-2026-08.zip,https://data.binance.vision/data/spot/monthly/klines/BTCUSDT/8h/BTCUSDT-8h-2026-08.zip,6045,93,e82dfd75cd0e2442205d6aabbef6ea0ed2ea863889b19b5e2267e20e224afdc3,e82dfd75cd0e2442205d6aabbef6ea0ed2ea863889b19b5e2267e20e224afdc3,True
BTCUSDT-8h-2026-09-01.zip,https://data.binance.vision/data/spot/daily/klines/BTCUSDT/8h/BTCUSDT-8h-2026-09-01.zip,358,3,6ea3e6572da5798ec6023aa4aa3ca27feda16e92eb7c927a3828db25eff1e09e,6ea3e6572da5798ec6023aa4aa3ca27feda16e92eb7c927a3828db25eff1e09e,True
BTCUSDT-8h-2026-09-02.zip,https://data.binance.vision/data/spot/daily/klines/BTCUSDT/8h/BTCUSDT-8h-2026-09-02.zip,359,3,6b65797e964c0e1368986c2fdf01b0d869b764b16ecc86b220cfc61eec197ae8,6b65797e964c0e1368986c2fdf01b0d869b764b16ecc86b220cfc61eec197ae8,True
BTCUSDT-8h-2026-09-03.zip,https://data.binance.vision/data/spot/daily/klines/BTCUSDT/8h/BTCUSDT-8h-2026-09-03.zip,358,3,3981f57dbb3928a370ac27990b6dee7a212f4c15e3fa9b46ca2dd8dd1d65ffa2,3981f57dbb3928a370ac27990b6dee7a212f4c15e3fa9b46ca2dd8dd1d65ffa2,True
BTCUSDT-8h-2026-09-04.zip,https://data.binance.vision/data/spot/daily/klines/BTCUSDT/8h/BTCUSDT-8h-2026-09-04.zip,357,3,ef81fef826a92295f8ae5696b4f569fea1f67abc2cae64807fd7484538264a68,ef81fef826a92295f8ae5696b4f569fea1f67abc2cae64807fd7484538264a68,True
BTCUSDT-8h-2026-09-05.zip,https://data.binance.vision/data/spot/daily/klines/BTCUSDT/8h/BTCUSDT-8h-2026-09-05.zip,355,3,2613fc8a7924c787bd3b830ee65ed7f7c94f1784100cc830192c8ca80c1d13b3,2613fc8a7924c787bd3b830ee65ed7f7c94f1784100cc830192c8ca80c1d13b3,True
BTCUSDT-8h-2026-09-06.zip,https://data.binance.vision/data/spot/daily/klines/BTCUSDT/8h/BTCUSDT-8h-2026-09-06.zip,357,3,f09b18362b2bb61159c334f3be394e5867bacef9fc15e7782ae7af36f25e341c,f09b18362b2bb61159c334f3be394e5867bacef9fc15e7782ae7af36f25e341c,True
BTCUSDT-8h-2026-09-07.zip,https://data.binance.vision/data/spot/daily/klines/BTCUSDT/8h/BTCUSDT-8h-2026-09-07.zip,359,3,8b2c65ef1df59433eb26e1821af04ac29cef2bb1d4bd7ecffd2db27d1472ec73,8b2c65ef1df59433eb26e1821af04ac29cef2bb1d4bd7ecffd2db27d1472ec73,True
BTCUSDT-8h-2026-09-08.zip,https://data.binance.vision/data/spot/daily/klines/BTCUSDT/8h/BTCUSDT-8h-2026-09-08.zip,356,3,2ed1f365241372d1310bf40dc14d42059a2be1523f099beb37d4490f2ba7cee9,2ed1f365241372d1310bf40dc14d42059a2be1523f099beb37d4490f2ba7cee9,True
BTCUSDT-8h-2026-09-09.zip,https://data.binance.vision/data/spot/daily/klines/BTCUSDT/8h/BTCUSDT-8h-2026-09-09.zip,356,3,5e15d57421b193d6872cdd9fe2740a00ef441e13112731ac926c10a52406239d,5e15d57421b193d6872cdd9fe2740a00ef441e13112731ac926c10a52406239d,True
BTCUSDT-8h-2026-09-10.zip,https://data.binance.vision/data/spot/daily/klines/BTCUSDT/8h/BTCUSDT-8h-2026-09-10.zip,356,3,f31b4f180baa759b8b36b459d860d306736feceadb6e5c79ab9d4e81c55e7ac0,f31b4f180baa759b8b36b459d860d306736feceadb6e5c79ab9d4e81c55e7ac0,True
BTCUSDT-8h-2026-09-11.zip,https://data.binance.vision/data/spot/daily/klines/BTCUSDT/8h/BTCUSDT-8h-2026-09-11.zip,362,3,428bff170a162c5f7d9901fd335343501778698a0d046c6b29ef335d1550d57a,428bff170a162c5f7d9901fd335343501778698a0d046c6b29ef335d1550d57a,True
BTCUSDT-8h-2026-09-12.zip,https://data.binance.vision/data/spot/daily/klines/BTCUSDT/8h/BTCUSDT-8h-2026-09-12.zip,354,3,d5fb14ec13be30a7ae974bd6f0c517f0c04f8958252eb44c6eba81a4d9522b2f,d5fb14ec13be30a7ae974bd6f0c517f0c04f8958252eb44c6eba81a4d9522b2f,True
BTCUSDT-8h-2026-09-13.zip,https://data.binance.vision/data/spot/daily/klines/BTCUSDT/8h/BTCUSDT-8h-2026-09-13.zip,359,3,bb3fbf55813ae0c6f0fe9c7c1731326f648b8227e688023b8ca540452e16944e,bb3fbf55813ae0c6f0fe9c7c1731326f648b8227e688023b8ca540452e16944e,True
BTCUSDT-8h-2026-09-14.zip,https://data.binance.vision/data/spot/daily/klines/BTCUSDT/8h/BTCUSDT-8h-2026-09-14.zip,358,3,a2440053187d019c44f44455fe14d34ab69b6fa305ee72b54a0481e129c5c468,a2440053187d019c44f44455fe14d34ab69b6fa305ee72b54a0481e129c5c468,True
BTCUSDT-8h-2026-09-15.zip,https://data.binance.vision/data/spot/daily/klines/BTCUSDT/8h/BTCUSDT-8h-2026-09-15.zip,360,3,ad66a2e746b5ac323c9f3b48490ae44fd54575b4c107e727ecc08ded37d4967b,ad66a2e746b5ac323c9f3b48490ae44fd54575b4c107e727ecc08ded37d4967b,True
BTCUSDT-8h-2026-09-16.zip,https://data.binance.vision/data/spot/daily/klines/BTCUSDT/8h/BTCUSDT-8h-2026-09-16.zip,359,3,dbc13e92c7ae2da0eba39483ca7432585310b93e1488a796ead7be1e93ac91fe,dbc13e92c7ae2da0eba39483ca7432585310b93e1488a796ead7be1e93ac91fe,True
BTCUSDT-8h-2026-09-17.zip,https://data.binance.vision/data/spot/daily/klines/BTCUSDT/8h/BTCUSDT-8h-2026-09-17.zip,355,3,3fbd486a090cb63cfd38131cb5fc0452eb3c93652aa6ea6b1e1176f8f69c91a7,3fbd486a090cb63cfd38131cb5fc0452eb3c93652aa6ea6b1e1176f8f69c91a7,True
BTCUSDT-8h-2026-09-18.zip,https://data.binance.vision/data/spot/daily/klines/BTCUSDT/8h/BTCUSDT-8h-2026-09-18.zip,358,3,2d4192b89b3c9790957b39a0347d4fa95fe36a9631003226876cdeb0605c0c8e,2d4192b89b3c9790957b39a0347d4fa95fe36a9631003226876cdeb0605c0c8e,True
BTCUSDT-8h-2026-09-19.zip,https://data.binance.vision/data/spot/daily/klines/BTCUSDT/8h/BTCUSDT-8h-2026-09-19.zip,358,3,4298a4dce18f321627c5fd46d315d893dfae57b516324b679e4e1214fec48556,4298a4dce18f321627c5fd46d315d893dfae57b516324b679e4e1214fec48556,True
BTCUSDT-8h-2026-09-20.zip,https://data.binance.vision/data/spot/daily/klines/BTCUSDT/8h/BTCUSDT-8h-2026-09-20.zip,357,3,aebda7cc7a54abf3e555c5e2e7295f0a9effc10f56fa743d1d0d538fed4cc288,aebda7cc7a54abf3e555c5e2e7295f0a9effc10f56fa743d1d0d538fed4cc288,True
BTCUSDT-8h-2026-09-21.zip,https://data.binance.vision/data/spot/daily/klines/BTCUSDT/8h/BTCUSDT-8h-2026-09-21.zip,362,3,2156573f9e1d615509a394e1f890c0dcc8a246ac180eb5bfb35a1d366fa26f05,2156573f9e1d615509a394e1f890c0dcc8a246ac180eb5bfb35a1d366fa26f05,True
BTCUSDT-8h-2026-09-22.zip,https://data.binance.vision/data/spot/daily/klines/BTCUSDT/8h/BTCUSDT-8h-2026-09-22.zip,356,3,f5a73c83e064ae0045c0a6159b68e57ff60dce657e8e614de83eb69aeb76f518,f5a73c83e064ae0045c0a6159b68e57ff60dce657e8e614de83eb69aeb76f518,True
BTCUSDT-8h-2026-09-23.zip,https://data.binance.vision/data/spot/daily/klines/BTCUSDT/8h/BTCUSDT-8h-2026-09-23.zip,359,3,446909ca9ae10047a09b820e5676bce679c1833ba5e8f23db2126542100ec90c,446909ca9ae10047a09b820e5676bce679c1833ba5e8f23db2126542100ec90c,True
BTCUSDT-8h-2026-09-24.zip,https://data.binance.vision/data/spot/daily/klines/BTCUSDT/8h/BTCUSDT-8h-2026-09-24.zip,361,3,050821660fe85ed1e3d74f5d65190b096f365532596a5f7c9c76e8d2dc8b8036,050821660fe85ed1e3d74f5d65190b096f365532596a5f7c9c76e8d2dc8b8036,True
BTCUSDT-8h-2026-09-25.zip,https://data.binance.vision/data/spot/daily/klines/BTCUSDT/8h/BTCUSDT-8h-2026-09-25.zip,360,3,5e590568da1746858b5842b1d11bb20f1aa36a3614664183fe2bc771ff66c998,5e590568da1746858b5842b1d11bb20f1aa36a3614664183fe2bc771ff66c998,True
BTCUSDT-8h-2026-09-26.zip,https://data.binance.vision/data/spot/daily/klines/BTCUSDT/8h/BTCUSDT-8h-2026-09-26.zip,353,3,000a5bad845202103991b940df05691d81a875d20791d3f3d2aa97b4cf2182eb,000a5bad845202103991b940df05691d81a875d20791d3f3d2aa97b4cf2182eb,True
BTCUSDT-8h-2026-09-27.zip,https://data.binance.vision/data/spot/daily/klines/BTCUSDT/8h/BTCUSDT-8h-2026-09-27.zip,356,3,b5236438ef885eb0a882fb5944c4d638474a812c9d13ea450eba4f5b8bcad825,b5236438ef885eb0a882fb5944c4d638474a812c9d13ea450eba4f5b8bcad825,True
BTCUSDT-8h-2026-09-28.zip,https://data.binance.vision/data/spot/daily/klines/BTCUSDT/8h/BTCUSDT-8h-2026-09-28.zip,357,3,80dd5d348cb427d332c7df0463bba309a4a7e850448d9ccb15b9c1fcdb3fe9e5,80dd5d348cb427d332c7df0463bba309a4a7e850448d9ccb15b9c1fcdb3fe9e5,True
BTCUSDT-8h-2026-09-29.zip,https://data.binance.vision/data/spot/daily/klines/BTCUSDT/8h/BTCUSDT-8h-2026-09-29.zip,358,3,0aefbc8f691ac0e8b5e70c1cacc5f22456c7145f1e796dbcb5906492716e87ed,0aefbc8f691ac0e8b5e70c1cacc5f22456c7145f1e796dbcb5906492716e87ed,True
BTCUSDT-8h-2026-09-30.zip,https://data.binance.vision/data/spot/daily/klines/BTCUSDT/8h/BTCUSDT-8h-2026-09-30.zip,364,3,bc4645307e0f4446567f98bbc69eac121cec111713fc10dd8c10312d0ac0550e,bc4645307e0f4446567f98bbc69eac121cec111713fc10dd8c10312d0ac0550e,True
ETHUSDT-fundingRate-2020-01.zip,https://data.binance.vision/data/futures/um/monthly/fundingRate/ETHUSDT/ETHUSDT-fundingRate-2020-01.zip,795,93,0ce8da3b2ee7eceb6616efa215a2a1b1aab7b5b04becebe73634a95ec0abfa90,0ce8da3b2ee7eceb6616efa215a2a1b1aab7b5b04becebe73634a95ec0abfa90,True
ETHUSDT-fundingRate-2020-02.zip,https://data.binance.vision/data/futures/um/monthly/fundingRate/ETHUSDT/ETHUSDT-fundingRate-2020-02.zip,911,87,5a1de843dc3f098e86ca3c0979b38591d57d18664a1079588e61def93224fa06,5a1de843dc3f098e86ca3c0979b38591d57d18664a1079588e61def93224fa06,True
ETHUSDT-fundingRate-2020-03.zip,https://data.binance.vision/data/futures/um/monthly/fundingRate/ETHUSDT/ETHUSDT-fundingRate-2020-03.zip,785,93,0b9edb31ec6aedad0248d54e89b7ea5ff3cc4ab719519751db3de334caf54303,0b9edb31ec6aedad0248d54e89b7ea5ff3cc4ab719519751db3de334caf54303,True
ETHUSDT-fundingRate-2020-04.zip,https://data.binance.vision/data/futures/um/monthly/fundingRate/ETHUSDT/ETHUSDT-fundingRate-2020-04.zip,698,90,ce2208113358208182eaae41971fb5762e1794a04b4a606368416d08eea2d41b,ce2208113358208182eaae41971fb5762e1794a04b4a606368416d08eea2d41b,True
ETHUSDT-fundingRate-2020-05.zip,https://data.binance.vision/data/futures/um/monthly/fundingRate/ETHUSDT/ETHUSDT-fundingRate-2020-05.zip,769,93,77f5790ae26f95caee52b58317ee65d13b0eeb61f73d83482fd5d3aa153ab300,77f5790ae26f95caee52b58317ee65d13b0eeb61f73d83482fd5d3aa153ab300,True
ETHUSDT-fundingRate-2020-06.zip,https://data.binance.vision/data/futures/um/monthly/fundingRate/ETHUSDT/ETHUSDT-fundingRate-2020-06.zip,700,90,2e6af078edbe3e0df30d12d0d381652949572ce514222a257efe1f4eb145dae0,2e6af078edbe3e0df30d12d0d381652949572ce514222a257efe1f4eb145dae0,True
ETHUSDT-fundingRate-2020-07.zip,https://data.binance.vision/data/futures/um/monthly/fundingRate/ETHUSDT/ETHUSDT-fundingRate-2020-07.zip,774,93,1983ad90e1d1f98eefd2c23b9eb209d26e4e2efba2f4e8b5e662e8a7d563bc56,1983ad90e1d1f98eefd2c23b9eb209d26e4e2efba2f4e8b5e662e8a7d563bc56,True
ETHUSDT-fundingRate-2020-08.zip,https://data.binance.vision/data/futures/um/monthly/fundingRate/ETHUSDT/ETHUSDT-fundingRate-2020-08.zip,918,93,d4e766270a078741387ba564103d285ad9a2c05c7e6df9ad0b03619248bb041f,d4e766270a078741387ba564103d285ad9a2c05c7e6df9ad0b03619248bb041f,True
ETHUSDT-fundingRate-2020-09.zip,https://data.binance.vision/data/futures/um/monthly/fundingRate/ETHUSDT/ETHUSDT-fundingRate-2020-09.zip,807,90,cdee5c299c22dda85a5d5449e19250f7bc66c0d52759f9de0a49cc233520510d,cdee5c299c22dda85a5d5449e19250f7bc66c0d52759f9de0a49cc233520510d,True
ETHUSDT-fundingRate-2020-10.zip,https://data.binance.vision/data/futures/um/monthly/fundingRate/ETHUSDT/ETHUSDT-fundingRate-2020-10.zip,852,93,47749a38b41b185d786af96bf41c796edf8ea517cf76d6d61402974c629e0239,47749a38b41b185d786af96bf41c796edf8ea517cf76d6d61402974c629e0239,True
ETHUSDT-fundingRate-2020-11.zip,https://data.binance.vision/data/futures/um/monthly/fundingRate/ETHUSDT/ETHUSDT-fundingRate-2020-11.zip,889,90,9b02376eaa04be4ec2e201b492ef2a3c34dc61542492c715b5cea5dec5f01d36,9b02376eaa04be4ec2e201b492ef2a3c34dc61542492c715b5cea5dec5f01d36,True
ETHUSDT-fundingRate-2020-12.zip,https://data.binance.vision/data/futures/um/monthly/fundingRate/ETHUSDT/ETHUSDT-fundingRate-2020-12.zip,901,93,f99267a3fef35dd201e76c8338be877fb52883376b4cd0acb890a1387de0b0d4,f99267a3fef35dd201e76c8338be877fb52883376b4cd0acb890a1387de0b0d4,True
ETHUSDT-fundingRate-2021-01.zip,https://data.binance.vision/data/futures/um/monthly/fundingRate/ETHUSDT/ETHUSDT-fundingRate-2021-01.zip,1017,93,4c18c1df8904dea9770aeba5326d26b3fa9a3ffac4891f5f7125d4be2da847c0,4c18c1df8904dea9770aeba5326d26b3fa9a3ffac4891f5f7125d4be2da847c0,True
ETHUSDT-fundingRate-2021-02.zip,https://data.binance.vision/data/futures/um/monthly/fundingRate/ETHUSDT/ETHUSDT-fundingRate-2021-02.zip,950,84,15e9a939f253a11fc1af2858bb3844f3d39019ccf7efa66a9456f0f60afba3dd,15e9a939f253a11fc1af2858bb3844f3d39019ccf7efa66a9456f0f60afba3dd,True
ETHUSDT-fundingRate-2021-03.zip,https://data.binance.vision/data/futures/um/monthly/fundingRate/ETHUSDT/ETHUSDT-fundingRate-2021-03.zip,997,93,2bcaadc8206cb8d76a26f0f3cbf97020b747545b0e75c3dd8a3b195b435478a5,2bcaadc8206cb8d76a26f0f3cbf97020b747545b0e75c3dd8a3b195b435478a5,True
ETHUSDT-fundingRate-2021-04.zip,https://data.binance.vision/data/futures/um/monthly/fundingRate/ETHUSDT/ETHUSDT-fundingRate-2021-04.zip,954,90,2fee34e8b9b6e828d01bab0df1c67104f7a98f3c063668c8db627b802ffa5a95,2fee34e8b9b6e828d01bab0df1c67104f7a98f3c063668c8db627b802ffa5a95,True
ETHUSDT-fundingRate-2021-05.zip,https://data.binance.vision/data/futures/um/monthly/fundingRate/ETHUSDT/ETHUSDT-fundingRate-2021-05.zip,913,93,21809ef6691a1441bd55ba4af4494a038d1a399ae0ae432e80cb41b47d71f3bd,21809ef6691a1441bd55ba4af4494a038d1a399ae0ae432e80cb41b47d71f3bd,True
ETHUSDT-fundingRate-2021-06.zip,https://data.binance.vision/data/futures/um/monthly/fundingRate/ETHUSDT/ETHUSDT-fundingRate-2021-06.zip,827,90,8e58ccf8f52c69c55754492daafadab92d4ca8c8bd027f4532582d06e9f36063,8e58ccf8f52c69c55754492daafadab92d4ca8c8bd027f4532582d06e9f36063,True
ETHUSDT-fundingRate-2021-07.zip,https://data.binance.vision/data/futures/um/monthly/fundingRate/ETHUSDT/ETHUSDT-fundingRate-2021-07.zip,892,93,f8f538bedf642052e428cd25f3134784de6e62a136e76f6a07ea6e79dfc9c39d,f8f538bedf642052e428cd25f3134784de6e62a136e76f6a07ea6e79dfc9c39d,True
ETHUSDT-fundingRate-2021-08.zip,https://data.binance.vision/data/futures/um/monthly/fundingRate/ETHUSDT/ETHUSDT-fundingRate-2021-08.zip,857,93,0120b284bde23d077e1e26e5e4b56fd3e2d1d82a3a7fe0e9de26825b9fc9c0db,0120b284bde23d077e1e26e5e4b56fd3e2d1d82a3a7fe0e9de26825b9fc9c0db,True
ETHUSDT-fundingRate-2021-09.zip,https://data.binance.vision/data/futures/um/monthly/fundingRate/ETHUSDT/ETHUSDT-fundingRate-2021-09.zip,826,90,4b4a94cdafbb8fea7762c266aa79b183700b7c9dcf7e981f7fdbe9372f2eec66,4b4a94cdafbb8fea7762c266aa79b183700b7c9dcf7e981f7fdbe9372f2eec66,True
ETHUSDT-fundingRate-2021-10.zip,https://data.binance.vision/data/futures/um/monthly/fundingRate/ETHUSDT/ETHUSDT-fundingRate-2021-10.zip,935,93,4dfb8698f6951b2c66229e1c687977eae0778bb703d6268232da2ceb3e9b5e6d,4dfb8698f6951b2c66229e1c687977eae0778bb703d6268232da2ceb3e9b5e6d,True
ETHUSDT-fundingRate-2021-11.zip,https://data.binance.vision/data/futures/um/monthly/fundingRate/ETHUSDT/ETHUSDT-fundingRate-2021-11.zip,838,90,d9a7e22a237717f23d4b0505f14613359b7ea7831b23a78653a891cbbe3d521c,d9a7e22a237717f23d4b0505f14613359b7ea7831b23a78653a891cbbe3d521c,True
ETHUSDT-fundingRate-2021-12.zip,https://data.binance.vision/data/futures/um/monthly/fundingRate/ETHUSDT/ETHUSDT-fundingRate-2021-12.zip,806,93,788d5c57e7cbc8e6b94ed4d7672618a85311edf1d7f0888083410d0d3389d811,788d5c57e7cbc8e6b94ed4d7672618a85311edf1d7f0888083410d0d3389d811,True
ETHUSDT-fundingRate-2022-01.zip,https://data.binance.vision/data/futures/um/monthly/fundingRate/ETHUSDT/ETHUSDT-fundingRate-2022-01.zip,950,93,9f5bd01450b05a8c5e48cdc99fa147e85c82ecf7ee7919fa543a4e6039a2b98d,9f5bd01450b05a8c5e48cdc99fa147e85c82ecf7ee7919fa543a4e6039a2b98d,True
ETHUSDT-fundingRate-2022-02.zip,https://data.binance.vision/data/futures/um/monthly/fundingRate/ETHUSDT/ETHUSDT-fundingRate-2022-02.zip,898,84,9c35e30327ac8915cc1333415b7d5018425781c81918e349d26b734525fcdfe5,9c35e30327ac8915cc1333415b7d5018425781c81918e349d26b734525fcdfe5,True
ETHUSDT-fundingRate-2022-03.zip,https://data.binance.vision/data/futures/um/monthly/fundingRate/ETHUSDT/ETHUSDT-fundingRate-2022-03.zip,866,93,3de0714a2b2582029b32147815298b6e67e972e776ca3f68a4208823b4109404,3de0714a2b2582029b32147815298b6e67e972e776ca3f68a4208823b4109404,True
ETHUSDT-fundingRate-2022-04.zip,https://data.binance.vision/data/futures/um/monthly/fundingRate/ETHUSDT/ETHUSDT-fundingRate-2022-04.zip,941,90,7c306ac8b6275a857b064916080e0b6ec502b25a4501c84c3fd2c0b077425de3,7c306ac8b6275a857b064916080e0b6ec502b25a4501c84c3fd2c0b077425de3,True
ETHUSDT-fundingRate-2022-05.zip,https://data.binance.vision/data/futures/um/monthly/fundingRate/ETHUSDT/ETHUSDT-fundingRate-2022-05.zip,972,93,c458330243c9d8e048ffc7168c9e3c077c01bb82b1644097a4893fee34069b78,c458330243c9d8e048ffc7168c9e3c077c01bb82b1644097a4893fee34069b78,True
ETHUSDT-fundingRate-2022-06.zip,https://data.binance.vision/data/futures/um/monthly/fundingRate/ETHUSDT/ETHUSDT-fundingRate-2022-06.zip,980,90,f6f3a69b656b91500b41501a230e663ccc3c1a65f46273595b00682d8f6fabb1,f6f3a69b656b91500b41501a230e663ccc3c1a65f46273595b00682d8f6fabb1,True
ETHUSDT-fundingRate-2022-07.zip,https://data.binance.vision/data/futures/um/monthly/fundingRate/ETHUSDT/ETHUSDT-fundingRate-2022-07.zip,953,93,17826e5591af8660a7fed74d60e24eee77c822cf0d901dd8af355a10a36699aa,17826e5591af8660a7fed74d60e24eee77c822cf0d901dd8af355a10a36699aa,True
ETHUSDT-fundingRate-2022-08.zip,https://data.binance.vision/data/futures/um/monthly/fundingRate/ETHUSDT/ETHUSDT-fundingRate-2022-08.zip,1000,93,a2680549de5e087566f4d323b3a812c2b9863528c6bc49b0e551cb42c381bb4d,a2680549de5e087566f4d323b3a812c2b9863528c6bc49b0e551cb42c381bb4d,True
ETHUSDT-fundingRate-2022-09.zip,https://data.binance.vision/data/futures/um/monthly/fundingRate/ETHUSDT/ETHUSDT-fundingRate-2022-09.zip,1016,90,816e4de946d9f854cc457c86ca396b9cb49b46e80cf44941b59b9ad2124f2ef8,816e4de946d9f854cc457c86ca396b9cb49b46e80cf44941b59b9ad2124f2ef8,True
ETHUSDT-fundingRate-2022-10.zip,https://data.binance.vision/data/futures/um/monthly/fundingRate/ETHUSDT/ETHUSDT-fundingRate-2022-10.zip,1004,93,e434c29eb544cc57ff574e38685535bb7d04703aee54bc5d52f53cea372810e6,e434c29eb544cc57ff574e38685535bb7d04703aee54bc5d52f53cea372810e6,True
ETHUSDT-fundingRate-2022-11.zip,https://data.binance.vision/data/futures/um/monthly/fundingRate/ETHUSDT/ETHUSDT-fundingRate-2022-11.zip,987,90,4f4e52f176f69e99353959d287874a4d4a135b5bb4ea85514dd5a3e65958b2d7,4f4e52f176f69e99353959d287874a4d4a135b5bb4ea85514dd5a3e65958b2d7,True
ETHUSDT-fundingRate-2022-12.zip,https://data.binance.vision/data/futures/um/monthly/fundingRate/ETHUSDT/ETHUSDT-fundingRate-2022-12.zip,964,93,8cd0e885d63b85ee602d80eaae956f9ee3e0e25db264eb5c74026a9ae0d71f4e,8cd0e885d63b85ee602d80eaae956f9ee3e0e25db264eb5c74026a9ae0d71f4e,True
ETHUSDT-fundingRate-2023-01.zip,https://data.binance.vision/data/futures/um/monthly/fundingRate/ETHUSDT/ETHUSDT-fundingRate-2023-01.zip,819,93,5647d5978092d220eb14e11c7854d86815d0eb6204197e37b4808cc599e986f3,5647d5978092d220eb14e11c7854d86815d0eb6204197e37b4808cc599e986f3,True
ETHUSDT-fundingRate-2023-02.zip,https://data.binance.vision/data/futures/um/monthly/fundingRate/ETHUSDT/ETHUSDT-fundingRate-2023-02.zip,821,84,7da37820c15fb08600ae668551d0b724326b8f71d761582990721059280a221b,7da37820c15fb08600ae668551d0b724326b8f71d761582990721059280a221b,True
ETHUSDT-fundingRate-2023-03.zip,https://data.binance.vision/data/futures/um/monthly/fundingRate/ETHUSDT/ETHUSDT-fundingRate-2023-03.zip,963,93,5110b60cbbc5f26048ce02575c26444ea2ed497baed9a5609e118359e1ca3b51,5110b60cbbc5f26048ce02575c26444ea2ed497baed9a5609e118359e1ca3b51,True
ETHUSDT-fundingRate-2023-04.zip,https://data.binance.vision/data/futures/um/monthly/fundingRate/ETHUSDT/ETHUSDT-fundingRate-2023-04.zip,945,90,fa3a3cf7c3b8285687ae8c8014eed8bc58ad3ceb33ccb62ff4298048213c0e6c,fa3a3cf7c3b8285687ae8c8014eed8bc58ad3ceb33ccb62ff4298048213c0e6c,True
ETHUSDT-fundingRate-2023-05.zip,https://data.binance.vision/data/futures/um/monthly/fundingRate/ETHUSDT/ETHUSDT-fundingRate-2023-05.zip,990,93,bf890ea68d979942ed296b058390eb98b0b495547fee2117d3b76d5e7f629b24,bf890ea68d979942ed296b058390eb98b0b495547fee2117d3b76d5e7f629b24,True
ETHUSDT-fundingRate-2023-06.zip,https://data.binance.vision/data/futures/um/monthly/fundingRate/ETHUSDT/ETHUSDT-fundingRate-2023-06.zip,888,90,b3ddac1309f9a684f4e811776a6c09fb2239bb8d1ae0ff4bd342a1c32a5e171f,b3ddac1309f9a684f4e811776a6c09fb2239bb8d1ae0ff4bd342a1c32a5e171f,True
ETHUSDT-fundingRate-2023-07.zip,https://data.binance.vision/data/futures/um/monthly/fundingRate/ETHUSDT/ETHUSDT-fundingRate-2023-07.zip,861,93,82577976d8acd886fda84179ee38c9e7ef445732c3b6a062d6ffd2a9e3cc30bf,82577976d8acd886fda84179ee38c9e7ef445732c3b6a062d6ffd2a9e3cc30bf,True
ETHUSDT-fundingRate-2023-08.zip,https://data.binance.vision/data/futures/um/monthly/fundingRate/ETHUSDT/ETHUSDT-fundingRate-2023-08.zip,897,93,cf749429c366cef3302a804b3e702937e5f1a77aeddc5b628dca7da547a8935a,cf749429c366cef3302a804b3e702937e5f1a77aeddc5b628dca7da547a8935a,True
ETHUSDT-fundingRate-2023-09.zip,https://data.binance.vision/data/futures/um/monthly/fundingRate/ETHUSDT/ETHUSDT-fundingRate-2023-09.zip,902,90,41ac7eb67a46d14d97daec4c37e8229df5ac6b165639ad4b2c54bc7374930341,41ac7eb67a46d14d97daec4c37e8229df5ac6b165639ad4b2c54bc7374930341,True
ETHUSDT-fundingRate-2023-10.zip,https://data.binance.vision/data/futures/um/monthly/fundingRate/ETHUSDT/ETHUSDT-fundingRate-2023-10.zip,849,93,ccaf4474f0dc94adedd4330c14995f338186caa2cc9fd0d2e2c55f74cf263a5c,ccaf4474f0dc94adedd4330c14995f338186caa2cc9fd0d2e2c55f74cf263a5c,True
ETHUSDT-fundingRate-2023-11.zip,https://data.binance.vision/data/futures/um/monthly/fundingRate/ETHUSDT/ETHUSDT-fundingRate-2023-11.zip,699,90,153ec1450eb5d999ce253e2c7ca2e81b79a523ff52dd18b14faefab8212b999b,153ec1450eb5d999ce253e2c7ca2e81b79a523ff52dd18b14faefab8212b999b,True
ETHUSDT-fundingRate-2023-12.zip,https://data.binance.vision/data/futures/um/monthly/fundingRate/ETHUSDT/ETHUSDT-fundingRate-2023-12.zip,801,93,91bdf41566cebb86c6f0e3646b0037de9c22e14ee2f592c5722c7e4a19c91119,91bdf41566cebb86c6f0e3646b0037de9c22e14ee2f592c5722c7e4a19c91119,True
ETHUSDT-fundingRate-2024-01.zip,https://data.binance.vision/data/futures/um/monthly/fundingRate/ETHUSDT/ETHUSDT-fundingRate-2024-01.zip,685,93,5a71469b0b363886df904e784dddefc484dd943334b1fb7454713ce4ed715a4b,5a71469b0b363886df904e784dddefc484dd943334b1fb7454713ce4ed715a4b,True
ETHUSDT-fundingRate-2024-02.zip,https://data.binance.vision/data/futures/um/monthly/fundingRate/ETHUSDT/ETHUSDT-fundingRate-2024-02.zip,770,87,915fad950c48935f3875d88992b8d78290bc8a6fada44408e3ed14aef9a56670,915fad950c48935f3875d88992b8d78290bc8a6fada44408e3ed14aef9a56670,True
ETHUSDT-fundingRate-2024-03.zip,https://data.binance.vision/data/futures/um/monthly/fundingRate/ETHUSDT/ETHUSDT-fundingRate-2024-03.zip,941,93,e9c1d0f3e7e3b493277c7f826afb223482d56bdc7611144d398ac10e47307907,e9c1d0f3e7e3b493277c7f826afb223482d56bdc7611144d398ac10e47307907,True
ETHUSDT-fundingRate-2024-04.zip,https://data.binance.vision/data/futures/um/monthly/fundingRate/ETHUSDT/ETHUSDT-fundingRate-2024-04.zip,834,90,b54c9f05af116ccd921b32b25960ae26954c4983992d44f2390bf1de08b2c724,b54c9f05af116ccd921b32b25960ae26954c4983992d44f2390bf1de08b2c724,True
ETHUSDT-fundingRate-2024-05.zip,https://data.binance.vision/data/futures/um/monthly/fundingRate/ETHUSDT/ETHUSDT-fundingRate-2024-05.zip,836,93,8350ab4d61b12ec61539611e30809039f54814213bc4c937609360b1ff28b5e0,8350ab4d61b12ec61539611e30809039f54814213bc4c937609360b1ff28b5e0,True
ETHUSDT-fundingRate-2024-06.zip,https://data.binance.vision/data/futures/um/monthly/fundingRate/ETHUSDT/ETHUSDT-fundingRate-2024-06.zip,758,90,def13f4a478c28b0111fb24c57f95fcee80e71982ed74f12e465d20d328e2275,def13f4a478c28b0111fb24c57f95fcee80e71982ed74f12e465d20d328e2275,True
ETHUSDT-fundingRate-2024-07.zip,https://data.binance.vision/data/futures/um/monthly/fundingRate/ETHUSDT/ETHUSDT-fundingRate-2024-07.zip,831,93,9d236281ab6430250ad2b472cbbf03812a40aed42e73c8339fc6be55a2417a82,9d236281ab6430250ad2b472cbbf03812a40aed42e73c8339fc6be55a2417a82,True
ETHUSDT-fundingRate-2024-08.zip,https://data.binance.vision/data/futures/um/monthly/fundingRate/ETHUSDT/ETHUSDT-fundingRate-2024-08.zip,944,93,e17684bc761924eb5e1912c52cfa997eddeb99da303e68e28f6f37369f672b9d,e17684bc761924eb5e1912c52cfa997eddeb99da303e68e28f6f37369f672b9d,True
ETHUSDT-fundingRate-2024-09.zip,https://data.binance.vision/data/futures/um/monthly/fundingRate/ETHUSDT/ETHUSDT-fundingRate-2024-09.zip,908,90,ffb6e7441053137cb7ca81cc83bcdd996612f7dbb15aa2e168a7ee521f8cbbca,ffb6e7441053137cb7ca81cc83bcdd996612f7dbb15aa2e168a7ee521f8cbbca,True
ETHUSDT-fundingRate-2024-10.zip,https://data.binance.vision/data/futures/um/monthly/fundingRate/ETHUSDT/ETHUSDT-fundingRate-2024-10.zip,748,93,2124978c335473a5d9c0f0e9f238193d56c21ac7e250e065a36e9d1201beb049,2124978c335473a5d9c0f0e9f238193d56c21ac7e250e065a36e9d1201beb049,True
ETHUSDT-fundingRate-2024-11.zip,https://data.binance.vision/data/futures/um/monthly/fundingRate/ETHUSDT/ETHUSDT-fundingRate-2024-11.zip,809,90,636a4c7c86445c2774b4eae8598c480fcbc57de7dde5d40f6937c7fac510797c,636a4c7c86445c2774b4eae8598c480fcbc57de7dde5d40f6937c7fac510797c,True
ETHUSDT-fundingRate-2024-12.zip,https://data.binance.vision/data/futures/um/monthly/fundingRate/ETHUSDT/ETHUSDT-fundingRate-2024-12.zip,837,93,11a0847e8aacb32eeb725611fda4fe6a8419c03eb0c16e14dfc3b9287e78ecc9,11a0847e8aacb32eeb725611fda4fe6a8419c03eb0c16e14dfc3b9287e78ecc9,True
ETHUSDT-fundingRate-2025-01.zip,https://data.binance.vision/data/futures/um/monthly/fundingRate/ETHUSDT/ETHUSDT-fundingRate-2025-01.zip,768,93,88c95b99d2784a7baac529fe578563d7e05038a1b8a498b2f59bf81b216fee20,88c95b99d2784a7baac529fe578563d7e05038a1b8a498b2f59bf81b216fee20,True
ETHUSDT-fundingRate-2025-02.zip,https://data.binance.vision/data/futures/um/monthly/fundingRate/ETHUSDT/ETHUSDT-fundingRate-2025-02.zip,868,84,9e116dd6754484a19ecc41ced40b8dfa7f62c33d41cdc3317336b1e1f043767f,9e116dd6754484a19ecc41ced40b8dfa7f62c33d41cdc3317336b1e1f043767f,True
ETHUSDT-fundingRate-2025-03.zip,https://data.binance.vision/data/futures/um/monthly/fundingRate/ETHUSDT/ETHUSDT-fundingRate-2025-03.zip,934,93,62464a8bfb7ba515628acb76d3e2172d33b88805faa2e701a22537c51a17d139,62464a8bfb7ba515628acb76d3e2172d33b88805faa2e701a22537c51a17d139,True
ETHUSDT-fundingRate-2025-04.zip,https://data.binance.vision/data/futures/um/monthly/fundingRate/ETHUSDT/ETHUSDT-fundingRate-2025-04.zip,940,90,7db62cb5e9f32397dacabb3d571b96397024bda3810bde0799c90f61cb773679,7db62cb5e9f32397dacabb3d571b96397024bda3810bde0799c90f61cb773679,True
ETHUSDT-fundingRate-2025-05.zip,https://data.binance.vision/data/futures/um/monthly/fundingRate/ETHUSDT/ETHUSDT-fundingRate-2025-05.zip,919,93,996aff38f046b50510301532ac5cbdca115afca971c49cb548f50e5d70e18d99,996aff38f046b50510301532ac5cbdca115afca971c49cb548f50e5d70e18d99,True
ETHUSDT-fundingRate-2025-06.zip,https://data.binance.vision/data/futures/um/monthly/fundingRate/ETHUSDT/ETHUSDT-fundingRate-2025-06.zip,928,90,ae7ca242249ca3df06d1222a0c264fe83b18c4b2c19fe656e864f7d081d5e198,ae7ca242249ca3df06d1222a0c264fe83b18c4b2c19fe656e864f7d081d5e198,True
ETHUSDT-fundingRate-2025-07.zip,https://data.binance.vision/data/futures/um/monthly/fundingRate/ETHUSDT/ETHUSDT-fundingRate-2025-07.zip,854,93,5f2d840c5669ca946529c33f6df32433c5d0cd973eb4adfd40459270c460e7f8,5f2d840c5669ca946529c33f6df32433c5d0cd973eb4adfd40459270c460e7f8,True
ETHUSDT-fundingRate-2025-08.zip,https://data.binance.vision/data/futures/um/monthly/fundingRate/ETHUSDT/ETHUSDT-fundingRate-2025-08.zip,922,93,c3fca21c71afb4962e89f8e3d84afe5832019ed8f570ee7c7c299f2436a28b62,c3fca21c71afb4962e89f8e3d84afe5832019ed8f570ee7c7c299f2436a28b62,True
ETHUSDT-fundingRate-2025-09.zip,https://data.binance.vision/data/futures/um/monthly/fundingRate/ETHUSDT/ETHUSDT-fundingRate-2025-09.zip,934,90,2fa09df245aadc73cf43f837a72c3009fcd7d10c8c4e3db48b2d1021c331841a,2fa09df245aadc73cf43f837a72c3009fcd7d10c8c4e3db48b2d1021c331841a,True
ETHUSDT-fundingRate-2025-10.zip,https://data.binance.vision/data/futures/um/monthly/fundingRate/ETHUSDT/ETHUSDT-fundingRate-2025-10.zip,953,93,1ae86c5fb1f15d8792906b746cc7598ebe7e6e7194b74501db79c874e37d7e14,1ae86c5fb1f15d8792906b746cc7598ebe7e6e7194b74501db79c874e37d7e14,True
ETHUSDT-fundingRate-2025-11.zip,https://data.binance.vision/data/futures/um/monthly/fundingRate/ETHUSDT/ETHUSDT-fundingRate-2025-11.zip,956,90,a3a8abb219373ec1e02e8d1a47015665d180d6130cfe1df71d2fa8fc9de59e59,a3a8abb219373ec1e02e8d1a47015665d180d6130cfe1df71d2fa8fc9de59e59,True
ETHUSDT-fundingRate-2025-12.zip,https://data.binance.vision/data/futures/um/monthly/fundingRate/ETHUSDT/ETHUSDT-fundingRate-2025-12.zip,985,93,ef9e84f53a5fa07702958c8700077c8be0a90ec8b3e25110f5611109c3c0090c,ef9e84f53a5fa07702958c8700077c8be0a90ec8b3e25110f5611109c3c0090c,True
ETHUSDT-fundingRate-2026-01.zip,https://data.binance.vision/data/futures/um/monthly/fundingRate/ETHUSDT/ETHUSDT-fundingRate-2026-01.zip,979,93,830cf7797ea6ecdc554ac2d9047a141df1a6a544f4ea58e7028227930462b139,830cf7797ea6ecdc554ac2d9047a141df1a6a544f4ea58e7028227930462b139,True
ETHUSDT-fundingRate-2026-02.zip,https://data.binance.vision/data/futures/um/monthly/fundingRate/ETHUSDT/ETHUSDT-fundingRate-2026-02.zip,939,84,e445f00c81a7fa8361d99b3660f24b4f58e5d952fe301d70bbc72c319bc01a77,e445f00c81a7fa8361d99b3660f24b4f58e5d952fe301d70bbc72c319bc01a77,True
ETHUSDT-fundingRate-2026-03.zip,https://data.binance.vision/data/futures/um/monthly/fundingRate/ETHUSDT/ETHUSDT-fundingRate-2026-03.zip,1002,93,9f5625846c503a1e94fcdecd2deb37dc8852e341add353fa48c2b9a0cc70df6a,9f5625846c503a1e94fcdecd2deb37dc8852e341add353fa48c2b9a0cc70df6a,True
ETHUSDT-fundingRate-2026-04.zip,https://data.binance.vision/data/futures/um/monthly/fundingRate/ETHUSDT/ETHUSDT-fundingRate-2026-04.zip,963,90,86160f455478a8b262d96d1516f583355e6e0cec7beeb5784e69dda76f599e98,86160f455478a8b262d96d1516f583355e6e0cec7beeb5784e69dda76f599e98,True
ETHUSDT-fundingRate-2026-05.zip,https://data.binance.vision/data/futures/um/monthly/fundingRate/ETHUSDT/ETHUSDT-fundingRate-2026-05.zip,980,93,ff926ad3fc48493c26c85af16620b19c695cc1854faa1e7f0ea2ab9fdafc2084,ff926ad3fc48493c26c85af16620b19c695cc1854faa1e7f0ea2ab9fdafc2084,True
ETHUSDT-fundingRate-2026-06.zip,https://data.binance.vision/data/futures/um/monthly/fundingRate/ETHUSDT/ETHUSDT-fundingRate-2026-06.zip,967,90,cc6fb028a811bc423b711f6b89de067bf92a2eda61303e1ce0b219b5d3210e47,cc6fb028a811bc423b711f6b89de067bf92a2eda61303e1ce0b219b5d3210e47,True
ETHUSDT-fundingRate-2026-07.zip,https://data.binance.vision/data/futures/um/monthly/fundingRate/ETHUSDT/ETHUSDT-fundingRate-2026-07.zip,941,93,ece7f6c64d0e45fbd64929dec40bae525fe365381046e367de5ca0827bc623d3,ece7f6c64d0e45fbd64929dec40bae525fe365381046e367de5ca0827bc623d3,True
ETHUSDT-fundingRate-2026-08.zip,https://data.binance.vision/data/futures/um/monthly/fundingRate/ETHUSDT/ETHUSDT-fundingRate-2026-08.zip,925,93,8b843307038b3aedf725b1342003cce39f9526451ed92f407ca80bc637487839,8b843307038b3aedf725b1342003cce39f9526451ed92f407ca80bc637487839,True
ETHUSDT-fundingRate-2026-09.zip,https://data.binance.vision/data/futures/um/monthly/fundingRate/ETHUSDT/ETHUSDT-fundingRate-2026-09.zip,931,90,d1916b9181cf3507ad5a6522ac6587cd84a424941f1a2132ab887f768b5dd4de,d1916b9181cf3507ad5a6522ac6587cd84a424941f1a2132ab887f768b5dd4de,True
ETHUSDT-8h-2020-01.zip,https://data.binance.vision/data/futures/um/monthly/klines/ETHUSDT/8h/ETHUSDT-8h-2020-01.zip,4985,93,ff6bc12e645793be33cb6ac3de6b1b5f7f80ef6d26c79c5305af1bcc55805978,ff6bc12e645793be33cb6ac3de6b1b5f7f80ef6d26c79c5305af1bcc55805978,True
ETHUSDT-8h-2020-02.zip,https://data.binance.vision/data/futures/um/monthly/klines/ETHUSDT/8h/ETHUSDT-8h-2020-02.zip,4836,87,617fdb607d391156ba88a59ce190209446533ba1a7f7b2db37142c3004163b2f,617fdb607d391156ba88a59ce190209446533ba1a7f7b2db37142c3004163b2f,True
ETHUSDT-8h-2020-03.zip,https://data.binance.vision/data/futures/um/monthly/klines/ETHUSDT/8h/ETHUSDT-8h-2020-03.zip,5148,93,fff90cb0c366d0002f0a162b1690a0fc949d84b7497cf03d430f6904a11840c8,fff90cb0c366d0002f0a162b1690a0fc949d84b7497cf03d430f6904a11840c8,True
ETHUSDT-8h-2020-04.zip,https://data.binance.vision/data/futures/um/monthly/klines/ETHUSDT/8h/ETHUSDT-8h-2020-04.zip,4993,90,dd1569accfde741bf4fe0c5d58786a7084bd4bb778e134b36fb9d05383246b7e,dd1569accfde741bf4fe0c5d58786a7084bd4bb778e134b36fb9d05383246b7e,True
ETHUSDT-8h-2020-05.zip,https://data.binance.vision/data/futures/um/monthly/klines/ETHUSDT/8h/ETHUSDT-8h-2020-05.zip,5138,93,32287014b75e4bc019b4c856c96c47331fcd406c5fb67633ddf635fbeabdf37e,32287014b75e4bc019b4c856c96c47331fcd406c5fb67633ddf635fbeabdf37e,True
ETHUSDT-8h-2020-06.zip,https://data.binance.vision/data/futures/um/monthly/klines/ETHUSDT/8h/ETHUSDT-8h-2020-06.zip,4928,90,71bb6ac62d5741b11ef8339076e7812f40b524395d2e38476661656c5330c925,71bb6ac62d5741b11ef8339076e7812f40b524395d2e38476661656c5330c925,True
ETHUSDT-8h-2020-07.zip,https://data.binance.vision/data/futures/um/monthly/klines/ETHUSDT/8h/ETHUSDT-8h-2020-07.zip,5092,93,9ac0acb268c6fa3416c357cca1158d91af6318baa7bffe6529bcfe472c157875,9ac0acb268c6fa3416c357cca1158d91af6318baa7bffe6529bcfe472c157875,True
ETHUSDT-8h-2020-08.zip,https://data.binance.vision/data/futures/um/monthly/klines/ETHUSDT/8h/ETHUSDT-8h-2020-08.zip,5235,93,0d9f1093a41524c9f3b58d3f8e79a388485b1af58de92230a684e2df76ca1656,0d9f1093a41524c9f3b58d3f8e79a388485b1af58de92230a684e2df76ca1656,True
ETHUSDT-8h-2020-09.zip,https://data.binance.vision/data/futures/um/monthly/klines/ETHUSDT/8h/ETHUSDT-8h-2020-09.zip,5091,90,5b4ba1ab16eedf77036d60ea3e4a9b8c48ef042cc0332d238dba713e6d6ecc30,5b4ba1ab16eedf77036d60ea3e4a9b8c48ef042cc0332d238dba713e6d6ecc30,True
ETHUSDT-8h-2020-10.zip,https://data.binance.vision/data/futures/um/monthly/klines/ETHUSDT/8h/ETHUSDT-8h-2020-10.zip,5190,93,90266453567ff3a2fdf323cbdc30e6ec4090af84e3d3d6bdcf67e9fa5acc7ba0,90266453567ff3a2fdf323cbdc30e6ec4090af84e3d3d6bdcf67e9fa5acc7ba0,True
ETHUSDT-8h-2020-11.zip,https://data.binance.vision/data/futures/um/monthly/klines/ETHUSDT/8h/ETHUSDT-8h-2020-11.zip,5141,90,e6abe7402bf4b9ee61faf80e1ad9a780ef7ea197ff4df9c446f6bf9ac1b8e63f,e6abe7402bf4b9ee61faf80e1ad9a780ef7ea197ff4df9c446f6bf9ac1b8e63f,True
ETHUSDT-8h-2020-12.zip,https://data.binance.vision/data/futures/um/monthly/klines/ETHUSDT/8h/ETHUSDT-8h-2020-12.zip,5327,93,acd448d57b16db2893a157c940ec8a71d5e8ad8d2d0f4954058632291771d9d3,acd448d57b16db2893a157c940ec8a71d5e8ad8d2d0f4954058632291771d9d3,True
ETHUSDT-8h-2021-01.zip,https://data.binance.vision/data/futures/um/monthly/klines/ETHUSDT/8h/ETHUSDT-8h-2021-01.zip,5558,93,46044989adf0a498f256b3ada9df510305ac0252fbd14b3aaeaba7631a2f1eab,46044989adf0a498f256b3ada9df510305ac0252fbd14b3aaeaba7631a2f1eab,True
ETHUSDT-8h-2021-02.zip,https://data.binance.vision/data/futures/um/monthly/klines/ETHUSDT/8h/ETHUSDT-8h-2021-02.zip,5020,84,8f1f0eb51418c5ae8aee4c41132efe322faf77d292aeaac2739d9e514f8e20d6,8f1f0eb51418c5ae8aee4c41132efe322faf77d292aeaac2739d9e514f8e20d6,True
ETHUSDT-8h-2021-03.zip,https://data.binance.vision/data/futures/um/monthly/klines/ETHUSDT/8h/ETHUSDT-8h-2021-03.zip,5485,93,7228520e18b91e78cc5d25bb5b2f4ff5ed98f9a1c7f98c8f095f1d2e1cc23ffb,7228520e18b91e78cc5d25bb5b2f4ff5ed98f9a1c7f98c8f095f1d2e1cc23ffb,True
ETHUSDT-8h-2021-04.zip,https://data.binance.vision/data/futures/um/monthly/klines/ETHUSDT/8h/ETHUSDT-8h-2021-04.zip,5346,90,c0b6bed319a75a0da724bfcd21e748cd470263c1f9f597d2633f987babec1131,c0b6bed319a75a0da724bfcd21e748cd470263c1f9f597d2633f987babec1131,True
ETHUSDT-8h-2021-05.zip,https://data.binance.vision/data/futures/um/monthly/klines/ETHUSDT/8h/ETHUSDT-8h-2021-05.zip,5664,93,126cfbc5c457cefd478e8274083c64ea706d6f6f980f031f57a1f54e9731f2f0,126cfbc5c457cefd478e8274083c64ea706d6f6f980f031f57a1f54e9731f2f0,True
ETHUSDT-8h-2021-06.zip,https://data.binance.vision/data/futures/um/monthly/klines/ETHUSDT/8h/ETHUSDT-8h-2021-06.zip,5439,90,3d23d2451ec3b8ae077c6622563f5c1deb22845595cdafe9fbd2a59a8c8d0173,3d23d2451ec3b8ae077c6622563f5c1deb22845595cdafe9fbd2a59a8c8d0173,True
ETHUSDT-8h-2021-07.zip,https://data.binance.vision/data/futures/um/monthly/klines/ETHUSDT/8h/ETHUSDT-8h-2021-07.zip,5568,93,2805400f62a2e62c5207fb73911769669b68e523cb842e97023cb7096233a9b6,2805400f62a2e62c5207fb73911769669b68e523cb842e97023cb7096233a9b6,True
ETHUSDT-8h-2021-08.zip,https://data.binance.vision/data/futures/um/monthly/klines/ETHUSDT/8h/ETHUSDT-8h-2021-08.zip,5566,93,b7b153a2b95b2447f7e857925966f39ae3ba4dfc8484176f80226fbf9c642afa,b7b153a2b95b2447f7e857925966f39ae3ba4dfc8484176f80226fbf9c642afa,True
ETHUSDT-8h-2021-09.zip,https://data.binance.vision/data/futures/um/monthly/klines/ETHUSDT/8h/ETHUSDT-8h-2021-09.zip,5387,90,d905d4473d35c1495409910d41fe1f3325ddb20e124371c0495ce142aafbd0ac,d905d4473d35c1495409910d41fe1f3325ddb20e124371c0495ce142aafbd0ac,True
ETHUSDT-8h-2021-10.zip,https://data.binance.vision/data/futures/um/monthly/klines/ETHUSDT/8h/ETHUSDT-8h-2021-10.zip,5529,93,6a6093572a92620e7e34f0f3677c9d857fc7978d4c73d4d67c1d239f7cc1d3ef,6a6093572a92620e7e34f0f3677c9d857fc7978d4c73d4d67c1d239f7cc1d3ef,True
ETHUSDT-8h-2021-11.zip,https://data.binance.vision/data/futures/um/monthly/klines/ETHUSDT/8h/ETHUSDT-8h-2021-11.zip,5352,90,908869de6125271ffbd131b9a1a0e510da332a567b71e28ffa95076aba5cd829,908869de6125271ffbd131b9a1a0e510da332a567b71e28ffa95076aba5cd829,True
ETHUSDT-8h-2021-12.zip,https://data.binance.vision/data/futures/um/monthly/klines/ETHUSDT/8h/ETHUSDT-8h-2021-12.zip,5565,93,bf0a10676b99187cef5e47e3335a3ae7ddfab42fda18743c29ebedf6407ab254,bf0a10676b99187cef5e47e3335a3ae7ddfab42fda18743c29ebedf6407ab254,True
ETHUSDT-8h-2022-01.zip,https://data.binance.vision/data/futures/um/monthly/klines/ETHUSDT/8h/ETHUSDT-8h-2022-01.zip,5641,93,82b8621a991008d5a021bc34cbdf7ab55a07ce35a7e2e4ac1744e9c51d5aaa3c,82b8621a991008d5a021bc34cbdf7ab55a07ce35a7e2e4ac1744e9c51d5aaa3c,True
ETHUSDT-8h-2022-02.zip,https://data.binance.vision/data/futures/um/monthly/klines/ETHUSDT/8h/ETHUSDT-8h-2022-02.zip,5163,84,213bf12efde1e0303ec65d7a16c4a7e62bfe550cd65fb45d4aece507bde088d2,213bf12efde1e0303ec65d7a16c4a7e62bfe550cd65fb45d4aece507bde088d2,True
ETHUSDT-8h-2022-03.zip,https://data.binance.vision/data/futures/um/monthly/klines/ETHUSDT/8h/ETHUSDT-8h-2022-03.zip,5620,93,53555baea5c0896666a7877a102dab86751706d0488407f22e8cc0ec53f6dee5,53555baea5c0896666a7877a102dab86751706d0488407f22e8cc0ec53f6dee5,True
ETHUSDT-8h-2022-04.zip,https://data.binance.vision/data/futures/um/monthly/klines/ETHUSDT/8h/ETHUSDT-8h-2022-04.zip,5418,90,9b98d8e46c3e772f0ca7c2c8e756348cec4a7eedfe8d4a5ecc6c596f34f2e86f,9b98d8e46c3e772f0ca7c2c8e756348cec4a7eedfe8d4a5ecc6c596f34f2e86f,True
ETHUSDT-8h-2022-05.zip,https://data.binance.vision/data/futures/um/monthly/klines/ETHUSDT/8h/ETHUSDT-8h-2022-05.zip,5634,93,7cdcc2e3ab000999bc266a97b6d6b673dc285d8de367d0f3f3f4ee96a2e8d313,7cdcc2e3ab000999bc266a97b6d6b673dc285d8de367d0f3f3f4ee96a2e8d313,True
ETHUSDT-8h-2022-06.zip,https://data.binance.vision/data/futures/um/monthly/klines/ETHUSDT/8h/ETHUSDT-8h-2022-06.zip,5487,90,d73696292ce3fb7a4e15a394ecee6531d69d3718f9a2b8985e7253da9940fe8e,d73696292ce3fb7a4e15a394ecee6531d69d3718f9a2b8985e7253da9940fe8e,True
ETHUSDT-8h-2022-07.zip,https://data.binance.vision/data/futures/um/monthly/klines/ETHUSDT/8h/ETHUSDT-8h-2022-07.zip,5657,93,828e6f56b4d8e9273cd9888058b617e0b526c362812cf87436b6603ab42ebab5,828e6f56b4d8e9273cd9888058b617e0b526c362812cf87436b6603ab42ebab5,True
ETHUSDT-8h-2022-08.zip,https://data.binance.vision/data/futures/um/monthly/klines/ETHUSDT/8h/ETHUSDT-8h-2022-08.zip,5695,93,6f0c778c0951bb52b2c627824c4e3839da17f3f0bd9112057229fd55df2efe35,6f0c778c0951bb52b2c627824c4e3839da17f3f0bd9112057229fd55df2efe35,True
ETHUSDT-8h-2022-09.zip,https://data.binance.vision/data/futures/um/monthly/klines/ETHUSDT/8h/ETHUSDT-8h-2022-09.zip,5512,90,4207a25bcbda65246ec9ad10653a20653f0ab85bedfeba683e279a75f62a1d47,4207a25bcbda65246ec9ad10653a20653f0ab85bedfeba683e279a75f62a1d47,True
ETHUSDT-8h-2022-10.zip,https://data.binance.vision/data/futures/um/monthly/klines/ETHUSDT/8h/ETHUSDT-8h-2022-10.zip,5586,93,0f1b42b2068055a4e23fcf98d717fcf6b05f783cf0c4171d689bbc94074248d9,0f1b42b2068055a4e23fcf98d717fcf6b05f783cf0c4171d689bbc94074248d9,True
ETHUSDT-8h-2022-11.zip,https://data.binance.vision/data/futures/um/monthly/klines/ETHUSDT/8h/ETHUSDT-8h-2022-11.zip,5474,90,54ab720598e299c8fad3b0efc3fce206b91882c17a6dbb5cb158e71c37c80dd8,54ab720598e299c8fad3b0efc3fce206b91882c17a6dbb5cb158e71c37c80dd8,True
ETHUSDT-8h-2022-12.zip,https://data.binance.vision/data/futures/um/monthly/klines/ETHUSDT/8h/ETHUSDT-8h-2022-12.zip,5542,93,1df6e2eedbc204c2d69e0b6a04055331dda18ddb44de3629af580b536de4239b,1df6e2eedbc204c2d69e0b6a04055331dda18ddb44de3629af580b536de4239b,True
ETHUSDT-8h-2023-01.zip,https://data.binance.vision/data/futures/um/monthly/klines/ETHUSDT/8h/ETHUSDT-8h-2023-01.zip,5602,93,9d43225ab033e67c8f8c9bb6b47339e4e0cd4415b65d38631a022c064ef6f169,9d43225ab033e67c8f8c9bb6b47339e4e0cd4415b65d38631a022c064ef6f169,True
ETHUSDT-8h-2023-02.zip,https://data.binance.vision/data/futures/um/monthly/klines/ETHUSDT/8h/ETHUSDT-8h-2023-02.zip,5079,84,46fc838316120a7c52396f022f38e94e1fb5fab24af28cf77856b45304084ff7,46fc838316120a7c52396f022f38e94e1fb5fab24af28cf77856b45304084ff7,True
ETHUSDT-8h-2023-03.zip,https://data.binance.vision/data/futures/um/monthly/klines/ETHUSDT/8h/ETHUSDT-8h-2023-03.zip,5612,93,d1de9273db9ee250d45623215e6a3f2590d493f732e376384e7027c656651389,d1de9273db9ee250d45623215e6a3f2590d493f732e376384e7027c656651389,True
ETHUSDT-8h-2023-04.zip,https://data.binance.vision/data/futures/um/monthly/klines/ETHUSDT/8h/ETHUSDT-8h-2023-04.zip,5443,90,44081bdb805a586f3c82dd8bf8eefff607054e97d4a7f3c316c47322e30ebf56,44081bdb805a586f3c82dd8bf8eefff607054e97d4a7f3c316c47322e30ebf56,True
ETHUSDT-8h-2023-05.zip,https://data.binance.vision/data/futures/um/monthly/klines/ETHUSDT/8h/ETHUSDT-8h-2023-05.zip,5567,93,dbc0b1b280093681bf0ba0f83fcbd85c3ed1a4f1d9207db1a4970d31f60400eb,dbc0b1b280093681bf0ba0f83fcbd85c3ed1a4f1d9207db1a4970d31f60400eb,True
ETHUSDT-8h-2023-06.zip,https://data.binance.vision/data/futures/um/monthly/klines/ETHUSDT/8h/ETHUSDT-8h-2023-06.zip,5408,90,c3884b32b0b31b65f80370922d81ae12ce1e3f456e2112a791034fddf10e02cb,c3884b32b0b31b65f80370922d81ae12ce1e3f456e2112a791034fddf10e02cb,True
ETHUSDT-8h-2023-07.zip,https://data.binance.vision/data/futures/um/monthly/klines/ETHUSDT/8h/ETHUSDT-8h-2023-07.zip,5506,93,b01de4f602f1056d375d0f25fdc2f100679777e952c1c80bb491d63c4f026b67,b01de4f602f1056d375d0f25fdc2f100679777e952c1c80bb491d63c4f026b67,True
ETHUSDT-8h-2023-08.zip,https://data.binance.vision/data/futures/um/monthly/klines/ETHUSDT/8h/ETHUSDT-8h-2023-08.zip,5496,93,12cca330428a38ca20c9dc33dc46be77a4d19bbf90a3a5de1c3afda9f72ab198,12cca330428a38ca20c9dc33dc46be77a4d19bbf90a3a5de1c3afda9f72ab198,True
ETHUSDT-8h-2023-09.zip,https://data.binance.vision/data/futures/um/monthly/klines/ETHUSDT/8h/ETHUSDT-8h-2023-09.zip,5284,90,696be64a5cab768e28bfb559592cba4056bd828b6bd4a0f3890778f3e052f0a9,696be64a5cab768e28bfb559592cba4056bd828b6bd4a0f3890778f3e052f0a9,True
ETHUSDT-8h-2023-10.zip,https://data.binance.vision/data/futures/um/monthly/klines/ETHUSDT/8h/ETHUSDT-8h-2023-10.zip,5521,93,f7477b3701403a8e4073de4453c294073f659acfad4908078cade651970bf849,f7477b3701403a8e4073de4453c294073f659acfad4908078cade651970bf849,True
ETHUSDT-8h-2023-11.zip,https://data.binance.vision/data/futures/um/monthly/klines/ETHUSDT/8h/ETHUSDT-8h-2023-11.zip,5398,90,0e89d7c338b1b6bb9f2d177eb0a04fad977b69f8115771547d73e98241c46404,0e89d7c338b1b6bb9f2d177eb0a04fad977b69f8115771547d73e98241c46404,True
ETHUSDT-8h-2023-12.zip,https://data.binance.vision/data/futures/um/monthly/klines/ETHUSDT/8h/ETHUSDT-8h-2023-12.zip,5606,93,80894f313478b34abda9495fb7eb39e0ab597d60067dc6cc88566be61c69f8f7,80894f313478b34abda9495fb7eb39e0ab597d60067dc6cc88566be61c69f8f7,True
ETHUSDT-8h-2024-01.zip,https://data.binance.vision/data/futures/um/monthly/klines/ETHUSDT/8h/ETHUSDT-8h-2024-01.zip,5636,93,2f0eb2853c5d3ab22924097f7016ba39d9465140fab86ff79d9912e7718d9990,2f0eb2853c5d3ab22924097f7016ba39d9465140fab86ff79d9912e7718d9990,True
ETHUSDT-8h-2024-02.zip,https://data.binance.vision/data/futures/um/monthly/klines/ETHUSDT/8h/ETHUSDT-8h-2024-02.zip,5283,87,a67d130b55ba36e0a4fd38762c448db229ab26811970bea2404c8a10b6f6c6c4,a67d130b55ba36e0a4fd38762c448db229ab26811970bea2404c8a10b6f6c6c4,True
ETHUSDT-8h-2024-03.zip,https://data.binance.vision/data/futures/um/monthly/klines/ETHUSDT/8h/ETHUSDT-8h-2024-03.zip,5726,93,8ba456c8c8b61affd86903ec932fa435f66c2e39ff70a75a6b1e3926a5996284,8ba456c8c8b61affd86903ec932fa435f66c2e39ff70a75a6b1e3926a5996284,True
ETHUSDT-8h-2024-04.zip,https://data.binance.vision/data/futures/um/monthly/klines/ETHUSDT/8h/ETHUSDT-8h-2024-04.zip,5542,90,692b70d913b3b4d57fa81ae8d82b371046eaf5268ea8d6b0b808ae773e2006b2,692b70d913b3b4d57fa81ae8d82b371046eaf5268ea8d6b0b808ae773e2006b2,True
ETHUSDT-8h-2024-05.zip,https://data.binance.vision/data/futures/um/monthly/klines/ETHUSDT/8h/ETHUSDT-8h-2024-05.zip,5635,93,38ae491390b5a0ab65381f1e9efd885e948f5c2e652264088c035813ed765b90,38ae491390b5a0ab65381f1e9efd885e948f5c2e652264088c035813ed765b90,True
ETHUSDT-8h-2024-06.zip,https://data.binance.vision/data/futures/um/monthly/klines/ETHUSDT/8h/ETHUSDT-8h-2024-06.zip,5415,90,f0c5094f1c49f83b29783801031f163648b17124fcd0d76fb79197c1b2500569,f0c5094f1c49f83b29783801031f163648b17124fcd0d76fb79197c1b2500569,True
ETHUSDT-8h-2024-07.zip,https://data.binance.vision/data/futures/um/monthly/klines/ETHUSDT/8h/ETHUSDT-8h-2024-07.zip,5696,93,78a830beebe3edc307ddb91cc0bb583807d953629d85720f866ebaab219c6065,78a830beebe3edc307ddb91cc0bb583807d953629d85720f866ebaab219c6065,True
ETHUSDT-8h-2024-08.zip,https://data.binance.vision/data/futures/um/monthly/klines/ETHUSDT/8h/ETHUSDT-8h-2024-08.zip,5708,93,21023641dd6f48955f1d046fa7fc93df3d7dd42eb802f32e195f2eeb69dae515,21023641dd6f48955f1d046fa7fc93df3d7dd42eb802f32e195f2eeb69dae515,True
ETHUSDT-8h-2024-09.zip,https://data.binance.vision/data/futures/um/monthly/klines/ETHUSDT/8h/ETHUSDT-8h-2024-09.zip,5462,90,7564e0b96c056b3cbe15d65571f78be4b506f5697dc4fb771b84dd421e10ac3d,7564e0b96c056b3cbe15d65571f78be4b506f5697dc4fb771b84dd421e10ac3d,True
ETHUSDT-8h-2024-10.zip,https://data.binance.vision/data/futures/um/monthly/klines/ETHUSDT/8h/ETHUSDT-8h-2024-10.zip,5626,93,effdac171971a6fe9b0b095683ec233641221741658a62279b7f88d8eb049a12,effdac171971a6fe9b0b095683ec233641221741658a62279b7f88d8eb049a12,True
ETHUSDT-8h-2024-11.zip,https://data.binance.vision/data/futures/um/monthly/klines/ETHUSDT/8h/ETHUSDT-8h-2024-11.zip,5525,90,8bb57d58d9273e8eab5392cd4f04114b07e1d7686aa3c03b5ea53f90b96e9332,8bb57d58d9273e8eab5392cd4f04114b07e1d7686aa3c03b5ea53f90b96e9332,True
ETHUSDT-8h-2024-12.zip,https://data.binance.vision/data/futures/um/monthly/klines/ETHUSDT/8h/ETHUSDT-8h-2024-12.zip,5733,93,2df62e6f3c661575bc935b4f6bb53979ce753fb34bd908dcc0cd0836748be16a,2df62e6f3c661575bc935b4f6bb53979ce753fb34bd908dcc0cd0836748be16a,True
ETHUSDT-8h-2025-01.zip,https://data.binance.vision/data/futures/um/monthly/klines/ETHUSDT/8h/ETHUSDT-8h-2025-01.zip,5694,93,64e5d57254836dba929e5a68c4498486c5f2a260db9d5888b294ecff7abab7af,64e5d57254836dba929e5a68c4498486c5f2a260db9d5888b294ecff7abab7af,True
ETHUSDT-8h-2025-02.zip,https://data.binance.vision/data/futures/um/monthly/klines/ETHUSDT/8h/ETHUSDT-8h-2025-02.zip,5200,84,8e5d48ac09ce4c0cd9b052f6e5012b5155e34792fbaaf8af22ee81e7404d4b07,8e5d48ac09ce4c0cd9b052f6e5012b5155e34792fbaaf8af22ee81e7404d4b07,True
ETHUSDT-8h-2025-03.zip,https://data.binance.vision/data/futures/um/monthly/klines/ETHUSDT/8h/ETHUSDT-8h-2025-03.zip,5713,93,1d3b90f3d79d12126951b4b29c0d1edeb5a8eddb098e9011522deafedeca3d71,1d3b90f3d79d12126951b4b29c0d1edeb5a8eddb098e9011522deafedeca3d71,True
ETHUSDT-8h-2025-04.zip,https://data.binance.vision/data/futures/um/monthly/klines/ETHUSDT/8h/ETHUSDT-8h-2025-04.zip,5521,90,82ba072a954e98d321c2aeebd9824055636a5435e7ffc3a06d64ae629d794808,82ba072a954e98d321c2aeebd9824055636a5435e7ffc3a06d64ae629d794808,True
ETHUSDT-8h-2025-05.zip,https://data.binance.vision/data/futures/um/monthly/klines/ETHUSDT/8h/ETHUSDT-8h-2025-05.zip,5721,93,046d9d927d477c587eaa12682d6151626f5d7afc84c3ef8b161aa295f19604f4,046d9d927d477c587eaa12682d6151626f5d7afc84c3ef8b161aa295f19604f4,True
ETHUSDT-8h-2025-06.zip,https://data.binance.vision/data/futures/um/monthly/klines/ETHUSDT/8h/ETHUSDT-8h-2025-06.zip,5546,90,864ea0578b0a1f4330440a883104ee8fd18a4399719a824ff9655790249e4e88,864ea0578b0a1f4330440a883104ee8fd18a4399719a824ff9655790249e4e88,True
ETHUSDT-8h-2025-07.zip,https://data.binance.vision/data/futures/um/monthly/klines/ETHUSDT/8h/ETHUSDT-8h-2025-07.zip,5743,93,9853cbb1e89908e686f30cb6258e1b19a0448023b98b659645bc128651bc2f66,9853cbb1e89908e686f30cb6258e1b19a0448023b98b659645bc128651bc2f66,True
ETHUSDT-8h-2025-08.zip,https://data.binance.vision/data/futures/um/monthly/klines/ETHUSDT/8h/ETHUSDT-8h-2025-08.zip,5787,93,3dcf48d66d9bb892a0c89b2fe55f495427e1c067059272515a210dd957a7e07e,3dcf48d66d9bb892a0c89b2fe55f495427e1c067059272515a210dd957a7e07e,True
ETHUSDT-8h-2025-09.zip,https://data.binance.vision/data/futures/um/monthly/klines/ETHUSDT/8h/ETHUSDT-8h-2025-09.zip,5535,90,2be2bd179bcbf8174e8fc121ce03a4b8b33b851ad1324cb8f2afd55317bd69ea,2be2bd179bcbf8174e8fc121ce03a4b8b33b851ad1324cb8f2afd55317bd69ea,True
ETHUSDT-8h-2025-10.zip,https://data.binance.vision/data/futures/um/monthly/klines/ETHUSDT/8h/ETHUSDT-8h-2025-10.zip,5760,93,68682b36acb2671259825399658c9d2695105eb10b949fbaf19914422953c173,68682b36acb2671259825399658c9d2695105eb10b949fbaf19914422953c173,True
ETHUSDT-8h-2025-11.zip,https://data.binance.vision/data/futures/um/monthly/klines/ETHUSDT/8h/ETHUSDT-8h-2025-11.zip,5552,90,0367494257584b4a44c812d193084340d4320bd720a8fd0726a314306c3ece5b,0367494257584b4a44c812d193084340d4320bd720a8fd0726a314306c3ece5b,True
ETHUSDT-8h-2025-12.zip,https://data.binance.vision/data/futures/um/monthly/klines/ETHUSDT/8h/ETHUSDT-8h-2025-12.zip,5680,93,c7240d5fe42d1abc6b0cb5bad4ec254f32724431fd2e53a84ba96040602cd0b1,c7240d5fe42d1abc6b0cb5bad4ec254f32724431fd2e53a84ba96040602cd0b1,True
ETHUSDT-8h-2026-01.zip,https://data.binance.vision/data/futures/um/monthly/klines/ETHUSDT/8h/ETHUSDT-8h-2026-01.zip,5679,93,cf9351bc262fa6402cd4f95b9b82df404bc0a72416b7a6180f93dcbdeb259989,cf9351bc262fa6402cd4f95b9b82df404bc0a72416b7a6180f93dcbdeb259989,True
ETHUSDT-8h-2026-02.zip,https://data.binance.vision/data/futures/um/monthly/klines/ETHUSDT/8h/ETHUSDT-8h-2026-02.zip,5194,84,1e9e9a85ed8e71c6a00dda557c5af11423bedb578d47a38d7ae5c6f91b37e5d8,1e9e9a85ed8e71c6a00dda557c5af11423bedb578d47a38d7ae5c6f91b37e5d8,True
ETHUSDT-8h-2026-03.zip,https://data.binance.vision/data/futures/um/monthly/klines/ETHUSDT/8h/ETHUSDT-8h-2026-03.zip,5707,93,770dbb9341ec21df11354c7eca55b1b89a8f7e290cc767b1855d8560d5fe31b2,770dbb9341ec21df11354c7eca55b1b89a8f7e290cc767b1855d8560d5fe31b2,True
ETHUSDT-8h-2026-04.zip,https://data.binance.vision/data/futures/um/monthly/klines/ETHUSDT/8h/ETHUSDT-8h-2026-04.zip,5495,90,08a1554a1fee329352151c8879989e5d1212629e5ecdfc16f3d1d65455e94506,08a1554a1fee329352151c8879989e5d1212629e5ecdfc16f3d1d65455e94506,True
ETHUSDT-8h-2026-05.zip,https://data.binance.vision/data/futures/um/monthly/klines/ETHUSDT/8h/ETHUSDT-8h-2026-05.zip,5610,93,d7faaee486b8e45bdc6f9058981f1495c8ed260f803d3c366e3b7fbb84d02632,d7faaee486b8e45bdc6f9058981f1495c8ed260f803d3c366e3b7fbb84d02632,True
ETHUSDT-8h-2026-06.zip,https://data.binance.vision/data/futures/um/monthly/klines/ETHUSDT/8h/ETHUSDT-8h-2026-06.zip,5523,90,b926e8ddf8f984a8a4d86214221c984bd0dd8c8c2cd68f7481f8cb7fafaca417,b926e8ddf8f984a8a4d86214221c984bd0dd8c8c2cd68f7481f8cb7fafaca417,True
ETHUSDT-8h-2026-07.zip,https://data.binance.vision/data/futures/um/monthly/klines/ETHUSDT/8h/ETHUSDT-8h-2026-07.zip,5630,93,dc228aa839419d0a8335af5f4b914da7b46e4be5875cfdf3099081045c101b9a,dc228aa839419d0a8335af5f4b914da7b46e4be5875cfdf3099081045c101b9a,True
ETHUSDT-8h-2026-08.zip,https://data.binance.vision/data/futures/um/monthly/klines/ETHUSDT/8h/ETHUSDT-8h-2026-08.zip,5589,93,7348e4412e7a5689b3b25fe1b818e38f91e63ab7c9b6fa6e54b7749e6b3f211c,7348e4412e7a5689b3b25fe1b818e38f91e63ab7c9b6fa6e54b7749e6b3f211c,True
ETHUSDT-8h-2026-09.zip,https://data.binance.vision/data/futures/um/monthly/klines/ETHUSDT/8h/ETHUSDT-8h-2026-09.zip,5469,90,18269d3163b70db260455cb1366de322a516fe5eb715ec52e0e77660e2063646,18269d3163b70db260455cb1366de322a516fe5eb715ec52e0e77660e2063646,True
ETHUSDT-8h-2020-01.zip,https://data.binance.vision/data/spot/monthly/klines/ETHUSDT/8h/ETHUSDT-8h-2020-01.zip,5604,93,f7f6fe1b34137fed73efa2384be06a415973b5d1dfdfeeb6a042045228151fc8,f7f6fe1b34137fed73efa2384be06a415973b5d1dfdfeeb6a042045228151fc8,True
ETHUSDT-8h-2020-02.zip,https://data.binance.vision/data/spot/monthly/klines/ETHUSDT/8h/ETHUSDT-8h-2020-02.zip,5366,87,d3cb3ea38fe926f21e5b7ef5d234dc1b389d379419b1fc3757a90334ae681cbe,d3cb3ea38fe926f21e5b7ef5d234dc1b389d379419b1fc3757a90334ae681cbe,True
ETHUSDT-8h-2020-03.zip,https://data.binance.vision/data/spot/monthly/klines/ETHUSDT/8h/ETHUSDT-8h-2020-03.zip,5761,93,32fac37d386a0667a3c2edac7c5216d7d55f6e74acd5523c1bcb8b654be0934f,32fac37d386a0667a3c2edac7c5216d7d55f6e74acd5523c1bcb8b654be0934f,True
ETHUSDT-8h-2020-04.zip,https://data.binance.vision/data/spot/monthly/klines/ETHUSDT/8h/ETHUSDT-8h-2020-04.zip,5547,90,5bd7457c1cc5b907b615724899e0d42881409b9fe8b42206280b2b9dc88387a6,5bd7457c1cc5b907b615724899e0d42881409b9fe8b42206280b2b9dc88387a6,True
ETHUSDT-8h-2020-05.zip,https://data.binance.vision/data/spot/monthly/klines/ETHUSDT/8h/ETHUSDT-8h-2020-05.zip,5707,93,cb1c01f1f7901c2f2b3d479dcff49e57a6c953099a1dd2c20dab7e4eb576ab89,cb1c01f1f7901c2f2b3d479dcff49e57a6c953099a1dd2c20dab7e4eb576ab89,True
ETHUSDT-8h-2020-06.zip,https://data.binance.vision/data/spot/monthly/klines/ETHUSDT/8h/ETHUSDT-8h-2020-06.zip,5456,90,e588e55e6df4e057d7a366efa9b32c2838e7eb672387557626f5dcf4a9da9e1b,e588e55e6df4e057d7a366efa9b32c2838e7eb672387557626f5dcf4a9da9e1b,True
ETHUSDT-8h-2020-07.zip,https://data.binance.vision/data/spot/monthly/klines/ETHUSDT/8h/ETHUSDT-8h-2020-07.zip,5696,93,ce154c3eb46f87f5f3c2e6a3010ef1a8ace6af54160182323e0d3b2e94714073,ce154c3eb46f87f5f3c2e6a3010ef1a8ace6af54160182323e0d3b2e94714073,True
ETHUSDT-8h-2020-08.zip,https://data.binance.vision/data/spot/monthly/klines/ETHUSDT/8h/ETHUSDT-8h-2020-08.zip,5839,93,940b50c489e7e7ca7d77b94715bee4ab3df2bed7aca9b99bd8b6ce86fbfd658f,940b50c489e7e7ca7d77b94715bee4ab3df2bed7aca9b99bd8b6ce86fbfd658f,True
ETHUSDT-8h-2020-09.zip,https://data.binance.vision/data/spot/monthly/klines/ETHUSDT/8h/ETHUSDT-8h-2020-09.zip,5645,90,c22f41abf16e06074c917cea1240ee0ecad1c0211d9abf8e980b8b4c52018731,c22f41abf16e06074c917cea1240ee0ecad1c0211d9abf8e980b8b4c52018731,True
ETHUSDT-8h-2020-10.zip,https://data.binance.vision/data/spot/monthly/klines/ETHUSDT/8h/ETHUSDT-8h-2020-10.zip,5773,93,35009098e414b16b494d17092d2effe7e6a1e290888702f962da90696a7964c2,35009098e414b16b494d17092d2effe7e6a1e290888702f962da90696a7964c2,True
ETHUSDT-8h-2020-11.zip,https://data.binance.vision/data/spot/monthly/klines/ETHUSDT/8h/ETHUSDT-8h-2020-11.zip,5678,90,6b245e2ff293b12681aa6ca8320fe7561a5730cdf934ef18abdeba9bcd5a3180,6b245e2ff293b12681aa6ca8320fe7561a5730cdf934ef18abdeba9bcd5a3180,True
ETHUSDT-8h-2020-12.zip,https://data.binance.vision/data/spot/monthly/klines/ETHUSDT/8h/ETHUSDT-8h-2020-12.zip,5884,93,ff0396807b010320fcd8102872324321a6a6e21265d8db2fd3ca0a3fd5f1b45c,ff0396807b010320fcd8102872324321a6a6e21265d8db2fd3ca0a3fd5f1b45c,True
ETHUSDT-8h-2021-01.zip,https://data.binance.vision/data/spot/monthly/klines/ETHUSDT/8h/ETHUSDT-8h-2021-01.zip,6128,93,42a041623c6e703cafd341aa425bcdb1f4eb492893357436a573518c08976108,42a041623c6e703cafd341aa425bcdb1f4eb492893357436a573518c08976108,True
ETHUSDT-8h-2021-02.zip,https://data.binance.vision/data/spot/monthly/klines/ETHUSDT/8h/ETHUSDT-8h-2021-02.zip,5541,84,0e6e0922bc4da0c285ecb7f81b6ba5d5321966ec29cc13fb47ee8e88655e1903,0e6e0922bc4da0c285ecb7f81b6ba5d5321966ec29cc13fb47ee8e88655e1903,True
ETHUSDT-8h-2021-03.zip,https://data.binance.vision/data/spot/monthly/klines/ETHUSDT/8h/ETHUSDT-8h-2021-03.zip,6043,93,d0e9885e68db26d534342854b5642435448c24f46d05835f04232ae615a74dc4,d0e9885e68db26d534342854b5642435448c24f46d05835f04232ae615a74dc4,True
ETHUSDT-8h-2021-04.zip,https://data.binance.vision/data/spot/monthly/klines/ETHUSDT/8h/ETHUSDT-8h-2021-04.zip,5866,90,d7685f43b8bee5b3097221dfe575427de9884e6b0d26f2711ac1ac1239113f6b,d7685f43b8bee5b3097221dfe575427de9884e6b0d26f2711ac1ac1239113f6b,True
ETHUSDT-8h-2021-05.zip,https://data.binance.vision/data/spot/monthly/klines/ETHUSDT/8h/ETHUSDT-8h-2021-05.zip,6230,93,3ee1731d946f2994b2c646e0a2ea8b6cdab4ab6f8a59ac8cc902998a49dfc96c,3ee1731d946f2994b2c646e0a2ea8b6cdab4ab6f8a59ac8cc902998a49dfc96c,True
ETHUSDT-8h-2021-06.zip,https://data.binance.vision/data/spot/monthly/klines/ETHUSDT/8h/ETHUSDT-8h-2021-06.zip,5889,90,05fe433b02d0c744bfa32d34182ab00290e9fcb3eef173e2518de37be5dacd7e,05fe433b02d0c744bfa32d34182ab00290e9fcb3eef173e2518de37be5dacd7e,True
ETHUSDT-8h-2021-07.zip,https://data.binance.vision/data/spot/monthly/klines/ETHUSDT/8h/ETHUSDT-8h-2021-07.zip,6032,93,5ccbbf85f882ca8acac52a434154037e888543080a622ff91a661245b24ac7a2,5ccbbf85f882ca8acac52a434154037e888543080a622ff91a661245b24ac7a2,True
ETHUSDT-8h-2021-08.zip,https://data.binance.vision/data/spot/monthly/klines/ETHUSDT/8h/ETHUSDT-8h-2021-08.zip,6068,93,f54c387d5c7b400f799b40abbaf30b5303b595aaafa7cd1e3b39cab71ce7f011,f54c387d5c7b400f799b40abbaf30b5303b595aaafa7cd1e3b39cab71ce7f011,True
ETHUSDT-8h-2021-09.zip,https://data.binance.vision/data/spot/monthly/klines/ETHUSDT/8h/ETHUSDT-8h-2021-09.zip,5748,90,5bbdaa8c925f5726b73ea28ff7bbde755ce8d6f23e8daf8e46bc000fd1a0e2f8,5bbdaa8c925f5726b73ea28ff7bbde755ce8d6f23e8daf8e46bc000fd1a0e2f8,True
ETHUSDT-8h-2021-10.zip,https://data.binance.vision/data/spot/monthly/klines/ETHUSDT/8h/ETHUSDT-8h-2021-10.zip,5877,93,2cee442f902f262587d3d570e3a23055b26a41b076c81d16871321241a99c8f6,2cee442f902f262587d3d570e3a23055b26a41b076c81d16871321241a99c8f6,True
ETHUSDT-8h-2021-11.zip,https://data.binance.vision/data/spot/monthly/klines/ETHUSDT/8h/ETHUSDT-8h-2021-11.zip,5751,90,4b1e7fd77cead97c0d7cace1c3cf39fbc1a09741af952138ef390342fda26b6f,4b1e7fd77cead97c0d7cace1c3cf39fbc1a09741af952138ef390342fda26b6f,True
ETHUSDT-8h-2021-12.zip,https://data.binance.vision/data/spot/monthly/klines/ETHUSDT/8h/ETHUSDT-8h-2021-12.zip,5836,93,3eacd81c8fc8fdb3fe22bd529c03d160ac29b738c70b509a02453c610ad8a9cd,3eacd81c8fc8fdb3fe22bd529c03d160ac29b738c70b509a02453c610ad8a9cd,True
ETHUSDT-8h-2022-01.zip,https://data.binance.vision/data/spot/monthly/klines/ETHUSDT/8h/ETHUSDT-8h-2022-01.zip,5881,93,dabeec53e33a6d781a2c3731b20c0b907c9b8b3a6ecc30b51c7de909b598e655,dabeec53e33a6d781a2c3731b20c0b907c9b8b3a6ecc30b51c7de909b598e655,True
ETHUSDT-8h-2022-02.zip,https://data.binance.vision/data/spot/monthly/klines/ETHUSDT/8h/ETHUSDT-8h-2022-02.zip,5286,84,33892b89644a56e243eb135f4f6fb3b41d19ccb07a4bfcf8ff60e3889c02f4d4,33892b89644a56e243eb135f4f6fb3b41d19ccb07a4bfcf8ff60e3889c02f4d4,True
ETHUSDT-8h-2022-03.zip,https://data.binance.vision/data/spot/monthly/klines/ETHUSDT/8h/ETHUSDT-8h-2022-03.zip,5814,93,d47283a211fcc68724d3da80a1940f8ed8335e8ee71337317b7ef9c7b55715fe,d47283a211fcc68724d3da80a1940f8ed8335e8ee71337317b7ef9c7b55715fe,True
ETHUSDT-8h-2022-04.zip,https://data.binance.vision/data/spot/monthly/klines/ETHUSDT/8h/ETHUSDT-8h-2022-04.zip,5620,90,8e17807d80004f568ea1d3b0a4c75b8a158b1ead6a4b4d251c1b119f351dc143,8e17807d80004f568ea1d3b0a4c75b8a158b1ead6a4b4d251c1b119f351dc143,True
ETHUSDT-8h-2022-05.zip,https://data.binance.vision/data/spot/monthly/klines/ETHUSDT/8h/ETHUSDT-8h-2022-05.zip,5870,93,77e7f75fd3c002134746e7487cd795c7a7c90b0d59bfee751245f2460fcca644,77e7f75fd3c002134746e7487cd795c7a7c90b0d59bfee751245f2460fcca644,True
ETHUSDT-8h-2022-06.zip,https://data.binance.vision/data/spot/monthly/klines/ETHUSDT/8h/ETHUSDT-8h-2022-06.zip,5723,90,9232c4db34f0cb275129bdfd1d6cfd4e94ea7fc4343ae627da3bd643dcd2ab02,9232c4db34f0cb275129bdfd1d6cfd4e94ea7fc4343ae627da3bd643dcd2ab02,True
ETHUSDT-8h-2022-07.zip,https://data.binance.vision/data/spot/monthly/klines/ETHUSDT/8h/ETHUSDT-8h-2022-07.zip,5891,93,ab5156b44d72da4ab00de3cd9ff67a8eb8592834bb76dd589fab1db25802c597,ab5156b44d72da4ab00de3cd9ff67a8eb8592834bb76dd589fab1db25802c597,True
ETHUSDT-8h-2022-08.zip,https://data.binance.vision/data/spot/monthly/klines/ETHUSDT/8h/ETHUSDT-8h-2022-08.zip,5837,93,9ecd3e908b3d4ed4473796805f041873b70a5e78d982c6334ce5f1ae32df8e34,9ecd3e908b3d4ed4473796805f041873b70a5e78d982c6334ce5f1ae32df8e34,True
ETHUSDT-8h-2022-09.zip,https://data.binance.vision/data/spot/monthly/klines/ETHUSDT/8h/ETHUSDT-8h-2022-09.zip,5615,90,a7325d73a958144124124fe9632b34dcfafe0eb6cda66d15982933a4ee18826e,a7325d73a958144124124fe9632b34dcfafe0eb6cda66d15982933a4ee18826e,True
ETHUSDT-8h-2022-10.zip,https://data.binance.vision/data/spot/monthly/klines/ETHUSDT/8h/ETHUSDT-8h-2022-10.zip,5717,93,ccb0eacf89e85ab2e088148021b888b9db2c257b0595e7100185f060b0755c0f,ccb0eacf89e85ab2e088148021b888b9db2c257b0595e7100185f060b0755c0f,True
ETHUSDT-8h-2022-11.zip,https://data.binance.vision/data/spot/monthly/klines/ETHUSDT/8h/ETHUSDT-8h-2022-11.zip,5591,90,da9c900b1ae9ff0c5690697315b3546f8123e27e8848a07860686ab0232f389d,da9c900b1ae9ff0c5690697315b3546f8123e27e8848a07860686ab0232f389d,True
ETHUSDT-8h-2022-12.zip,https://data.binance.vision/data/spot/monthly/klines/ETHUSDT/8h/ETHUSDT-8h-2022-12.zip,5635,93,ee6ac7adb4a7ad719613ac611cd5ac856bfdda1ff2384379099f4aae3180d2c2,ee6ac7adb4a7ad719613ac611cd5ac856bfdda1ff2384379099f4aae3180d2c2,True
ETHUSDT-8h-2023-01.zip,https://data.binance.vision/data/spot/monthly/klines/ETHUSDT/8h/ETHUSDT-8h-2023-01.zip,5693,93,3586b82af9a2b234c26a142f01a7b00168acde1626d6fdc3ccaf0ea057b02b86,3586b82af9a2b234c26a142f01a7b00168acde1626d6fdc3ccaf0ea057b02b86,True
ETHUSDT-8h-2023-02.zip,https://data.binance.vision/data/spot/monthly/klines/ETHUSDT/8h/ETHUSDT-8h-2023-02.zip,5174,84,44bee22acd84011b2a515428e2653fc5f9801ae31430a355c02dcab274d1d988,44bee22acd84011b2a515428e2653fc5f9801ae31430a355c02dcab274d1d988,True
ETHUSDT-8h-2023-03.zip,https://data.binance.vision/data/spot/monthly/klines/ETHUSDT/8h/ETHUSDT-8h-2023-03.zip,5777,93,a4664bbce32a6743c0fc770d05e19095e450711e325e16e33f7ebdd7389a37de,a4664bbce32a6743c0fc770d05e19095e450711e325e16e33f7ebdd7389a37de,True
ETHUSDT-8h-2023-04.zip,https://data.binance.vision/data/spot/monthly/klines/ETHUSDT/8h/ETHUSDT-8h-2023-04.zip,5544,90,9948c99aaf9ba45e95ecc58a18e36e80c1d11cdebde813658c28b10e8efbbc24,9948c99aaf9ba45e95ecc58a18e36e80c1d11cdebde813658c28b10e8efbbc24,True
ETHUSDT-8h-2023-05.zip,https://data.binance.vision/data/spot/monthly/klines/ETHUSDT/8h/ETHUSDT-8h-2023-05.zip,5650,93,b900b01534ba5a4c0227c8e303f2685a5859b46505d81710037eca2682d96331,b900b01534ba5a4c0227c8e303f2685a5859b46505d81710037eca2682d96331,True
ETHUSDT-8h-2023-06.zip,https://data.binance.vision/data/spot/monthly/klines/ETHUSDT/8h/ETHUSDT-8h-2023-06.zip,5509,90,63fddbbbda18c548f36c602d11d859c86c42d48b2ea79cf7919b3e8d03389380,63fddbbbda18c548f36c602d11d859c86c42d48b2ea79cf7919b3e8d03389380,True
ETHUSDT-8h-2023-07.zip,https://data.binance.vision/data/spot/monthly/klines/ETHUSDT/8h/ETHUSDT-8h-2023-07.zip,5620,93,865332f4abdb25416400bd8930ee18fdfdbc27941a59323b276119cdde1d5177,865332f4abdb25416400bd8930ee18fdfdbc27941a59323b276119cdde1d5177,True
ETHUSDT-8h-2023-08.zip,https://data.binance.vision/data/spot/monthly/klines/ETHUSDT/8h/ETHUSDT-8h-2023-08.zip,5633,93,0c4636ccfc5ce676be2e23dc5fbf5c6b93815c955af07fa3c69cd6823a59c1d5,0c4636ccfc5ce676be2e23dc5fbf5c6b93815c955af07fa3c69cd6823a59c1d5,True
ETHUSDT-8h-2023-09.zip,https://data.binance.vision/data/spot/monthly/klines/ETHUSDT/8h/ETHUSDT-8h-2023-09.zip,5409,90,c5f941d87aa1ad6414454f7d0f2c576753508656a289d095c52219c00a8d821a,c5f941d87aa1ad6414454f7d0f2c576753508656a289d095c52219c00a8d821a,True
ETHUSDT-8h-2023-10.zip,https://data.binance.vision/data/spot/monthly/klines/ETHUSDT/8h/ETHUSDT-8h-2023-10.zip,5681,93,796d980a25cf76fa3d826df96eea4389476a7b49c47dd9d13f9f6d976b9875e9,796d980a25cf76fa3d826df96eea4389476a7b49c47dd9d13f9f6d976b9875e9,True
ETHUSDT-8h-2023-11.zip,https://data.binance.vision/data/spot/monthly/klines/ETHUSDT/8h/ETHUSDT-8h-2023-11.zip,5542,90,f89f75dddb7dadaf89656ecdafb24c2531a508971b938412941c7f36625af0ea,f89f75dddb7dadaf89656ecdafb24c2531a508971b938412941c7f36625af0ea,True
ETHUSDT-8h-2023-12.zip,https://data.binance.vision/data/spot/monthly/klines/ETHUSDT/8h/ETHUSDT-8h-2023-12.zip,5752,93,6a40b6ae6d377dcf8776c129ba239aeacfbdc3fc4d42e5245dfdebfa197b232b,6a40b6ae6d377dcf8776c129ba239aeacfbdc3fc4d42e5245dfdebfa197b232b,True
ETHUSDT-8h-2024-01.zip,https://data.binance.vision/data/spot/monthly/klines/ETHUSDT/8h/ETHUSDT-8h-2024-01.zip,5792,93,4e83751f359019c46e4f0aa26460f3ce5eb4620a70dfb89ffffc1a26c9bd7807,4e83751f359019c46e4f0aa26460f3ce5eb4620a70dfb89ffffc1a26c9bd7807,True
ETHUSDT-8h-2024-02.zip,https://data.binance.vision/data/spot/monthly/klines/ETHUSDT/8h/ETHUSDT-8h-2024-02.zip,5428,87,47ea5697d802525b72e2467ab9600673bce450f022127eb689d66bfe77220420,47ea5697d802525b72e2467ab9600673bce450f022127eb689d66bfe77220420,True
ETHUSDT-8h-2024-03.zip,https://data.binance.vision/data/spot/monthly/klines/ETHUSDT/8h/ETHUSDT-8h-2024-03.zip,5887,93,b686f6c93987a249c515a7ffb7652281bbf6390620e1323b7fc67ee667f17f91,b686f6c93987a249c515a7ffb7652281bbf6390620e1323b7fc67ee667f17f91,True
ETHUSDT-8h-2024-04.zip,https://data.binance.vision/data/spot/monthly/klines/ETHUSDT/8h/ETHUSDT-8h-2024-04.zip,5651,90,e16d69037395a785e6a5054b7629e644f7f059580916831f779c4857accb4030,e16d69037395a785e6a5054b7629e644f7f059580916831f779c4857accb4030,True
ETHUSDT-8h-2024-05.zip,https://data.binance.vision/data/spot/monthly/klines/ETHUSDT/8h/ETHUSDT-8h-2024-05.zip,5777,93,ae631c5e8b14c99b5a0a398b6ba19175fb3973d2099d565023a407de46b25ce4,ae631c5e8b14c99b5a0a398b6ba19175fb3973d2099d565023a407de46b25ce4,True
ETHUSDT-8h-2024-06.zip,https://data.binance.vision/data/spot/monthly/klines/ETHUSDT/8h/ETHUSDT-8h-2024-06.zip,5578,90,ebcd2facc836350902f820e24534acf904f1b6d650a8f611c972886aa3792feb,ebcd2facc836350902f820e24534acf904f1b6d650a8f611c972886aa3792feb,True
ETHUSDT-8h-2024-07.zip,https://data.binance.vision/data/spot/monthly/klines/ETHUSDT/8h/ETHUSDT-8h-2024-07.zip,5763,93,e76f5b1b498851432e26ae7804e42382b902a26a67e8226c463017e14f3ccca6,e76f5b1b498851432e26ae7804e42382b902a26a67e8226c463017e14f3ccca6,True
ETHUSDT-8h-2024-08.zip,https://data.binance.vision/data/spot/monthly/klines/ETHUSDT/8h/ETHUSDT-8h-2024-08.zip,5813,93,6a32caed492747852595091dafce65d8149e191235524f04f764bc1211cacd86,6a32caed492747852595091dafce65d8149e191235524f04f764bc1211cacd86,True
ETHUSDT-8h-2024-09.zip,https://data.binance.vision/data/spot/monthly/klines/ETHUSDT/8h/ETHUSDT-8h-2024-09.zip,5571,90,ebd52a1754079c2c9c958acf47cecc01f83ce1e91516a1822814e6c0962d2c10,ebd52a1754079c2c9c958acf47cecc01f83ce1e91516a1822814e6c0962d2c10,True
ETHUSDT-8h-2024-10.zip,https://data.binance.vision/data/spot/monthly/klines/ETHUSDT/8h/ETHUSDT-8h-2024-10.zip,5765,93,ff4a45b7038491fadeb97a5a9da5d47e819ac34a379d1d81779d3c93233fc3f2,ff4a45b7038491fadeb97a5a9da5d47e819ac34a379d1d81779d3c93233fc3f2,True
ETHUSDT-8h-2024-11.zip,https://data.binance.vision/data/spot/monthly/klines/ETHUSDT/8h/ETHUSDT-8h-2024-11.zip,5739,90,23a11ac5491e1c16c5b0939f4ab8ef8a3528a75e1c56e1ded5b0ed7a3bac0bb7,23a11ac5491e1c16c5b0939f4ab8ef8a3528a75e1c56e1ded5b0ed7a3bac0bb7,True
ETHUSDT-8h-2024-12.zip,https://data.binance.vision/data/spot/monthly/klines/ETHUSDT/8h/ETHUSDT-8h-2024-12.zip,5882,93,1c47aad8ec295f366134af250c4721dc114d9ae84c6ae63ec9a0ae794cab5f7b,1c47aad8ec295f366134af250c4721dc114d9ae84c6ae63ec9a0ae794cab5f7b,True
ETHUSDT-8h-2025-01.zip,https://data.binance.vision/data/spot/monthly/klines/ETHUSDT/8h/ETHUSDT-8h-2025-01.zip,5961,93,b31b5067c9c4aed2270cdc1ea4c01596fa3ea47ea1d2d7ed062609993f99cf45,b31b5067c9c4aed2270cdc1ea4c01596fa3ea47ea1d2d7ed062609993f99cf45,True
ETHUSDT-8h-2025-02.zip,https://data.binance.vision/data/spot/monthly/klines/ETHUSDT/8h/ETHUSDT-8h-2025-02.zip,5386,84,4f90fbde5c419c8a52250a1b4235e300c51127a5bde9554b95abd5bf79f8ce59,4f90fbde5c419c8a52250a1b4235e300c51127a5bde9554b95abd5bf79f8ce59,True
ETHUSDT-8h-2025-03.zip,https://data.binance.vision/data/spot/monthly/klines/ETHUSDT/8h/ETHUSDT-8h-2025-03.zip,5934,93,71ce65ae8e3c9d42c9a7adda3446b4d30dc4367ea1895bf7976350ddc5192837,71ce65ae8e3c9d42c9a7adda3446b4d30dc4367ea1895bf7976350ddc5192837,True
ETHUSDT-8h-2025-04.zip,https://data.binance.vision/data/spot/monthly/klines/ETHUSDT/8h/ETHUSDT-8h-2025-04.zip,5723,90,d45c87a191623e77eb140e90da0769126a46330401e21e9a2316fa395884f194,d45c87a191623e77eb140e90da0769126a46330401e21e9a2316fa395884f194,True
ETHUSDT-8h-2025-05.zip,https://data.binance.vision/data/spot/monthly/klines/ETHUSDT/8h/ETHUSDT-8h-2025-05.zip,5958,93,e119ecbfe5147e575399a201ad48a26fe9f0e4e2207e5e14884ebac6e8ab7176,e119ecbfe5147e575399a201ad48a26fe9f0e4e2207e5e14884ebac6e8ab7176,True
ETHUSDT-8h-2025-06.zip,https://data.binance.vision/data/spot/monthly/klines/ETHUSDT/8h/ETHUSDT-8h-2025-06.zip,5725,90,ec6b326820cdb72f1ec27764a1339da95be1ada3caa1813ff060ff30604b7ce6,ec6b326820cdb72f1ec27764a1339da95be1ada3caa1813ff060ff30604b7ce6,True
ETHUSDT-8h-2025-07.zip,https://data.binance.vision/data/spot/monthly/klines/ETHUSDT/8h/ETHUSDT-8h-2025-07.zip,5958,93,7940b805f007275815d59844916cee932731351794cc0477d9a0680c503ee696,7940b805f007275815d59844916cee932731351794cc0477d9a0680c503ee696,True
ETHUSDT-8h-2025-08.zip,https://data.binance.vision/data/spot/monthly/klines/ETHUSDT/8h/ETHUSDT-8h-2025-08.zip,6027,93,cef6b19ec695a77588c681bd72a587a9ef2b1b824303674c45c3c8084d8e93fd,cef6b19ec695a77588c681bd72a587a9ef2b1b824303674c45c3c8084d8e93fd,True
ETHUSDT-8h-2025-09.zip,https://data.binance.vision/data/spot/monthly/klines/ETHUSDT/8h/ETHUSDT-8h-2025-09.zip,5792,90,55a91abb2b87b1779312ddcfeead3e2cfb501311208b7862ecf8006b0b0aa562,55a91abb2b87b1779312ddcfeead3e2cfb501311208b7862ecf8006b0b0aa562,True
ETHUSDT-8h-2025-10.zip,https://data.binance.vision/data/spot/monthly/klines/ETHUSDT/8h/ETHUSDT-8h-2025-10.zip,6025,93,c8151bd1a11bdecfdda307cd180563450a1c37254a7fa4c025430ea5e9ab355c,c8151bd1a11bdecfdda307cd180563450a1c37254a7fa4c025430ea5e9ab355c,True
ETHUSDT-8h-2025-11.zip,https://data.binance.vision/data/spot/monthly/klines/ETHUSDT/8h/ETHUSDT-8h-2025-11.zip,5813,90,ce7af22ebca77679195cc913b9c4bacb6ed67f191d7fd6349239748ee496072d,ce7af22ebca77679195cc913b9c4bacb6ed67f191d7fd6349239748ee496072d,True
ETHUSDT-8h-2025-12.zip,https://data.binance.vision/data/spot/monthly/klines/ETHUSDT/8h/ETHUSDT-8h-2025-12.zip,5939,93,9b9b8692f677568be409f02506e093542ca981153b92f6efec2053b6253c530f,9b9b8692f677568be409f02506e093542ca981153b92f6efec2053b6253c530f,True
ETHUSDT-8h-2026-01.zip,https://data.binance.vision/data/spot/monthly/klines/ETHUSDT/8h/ETHUSDT-8h-2026-01.zip,5930,93,6a636b476812e1062a80527287c59fcfa100af507bc9dad5b3851a25358b79ab,6a636b476812e1062a80527287c59fcfa100af507bc9dad5b3851a25358b79ab,True
ETHUSDT-8h-2026-02.zip,https://data.binance.vision/data/spot/monthly/klines/ETHUSDT/8h/ETHUSDT-8h-2026-02.zip,5390,84,ceb252f18c342cbd8db3d069a7cd006735a174d340459db651582e121559d8d9,ceb252f18c342cbd8db3d069a7cd006735a174d340459db651582e121559d8d9,True
ETHUSDT-8h-2026-03.zip,https://data.binance.vision/data/spot/monthly/klines/ETHUSDT/8h/ETHUSDT-8h-2026-03.zip,5906,93,aeacca6e311322eb808aaf13f2b73c17fffa8672c800a29176223b2e803bc921,aeacca6e311322eb808aaf13f2b73c17fffa8672c800a29176223b2e803bc921,True
ETHUSDT-8h-2026-04.zip,https://data.binance.vision/data/spot/monthly/klines/ETHUSDT/8h/ETHUSDT-8h-2026-04.zip,5651,90,0f6d885ba2f63303bfba00381e064b76eeebf776105510f3b4990026f1a6041a,0f6d885ba2f63303bfba00381e064b76eeebf776105510f3b4990026f1a6041a,True
ETHUSDT-8h-2026-05.zip,https://data.binance.vision/data/spot/monthly/klines/ETHUSDT/8h/ETHUSDT-8h-2026-05.zip,5845,93,1abb260a25af6c741f225671c8765b1bdea427dd09f55acc18946cb3e52ed3e4,1abb260a25af6c741f225671c8765b1bdea427dd09f55acc18946cb3e52ed3e4,True
ETHUSDT-8h-2026-06.zip,https://data.binance.vision/data/spot/monthly/klines/ETHUSDT/8h/ETHUSDT-8h-2026-06.zip,5687,90,05a8cb2800d2d4047ec10b2b90274467da9984d9ef6316e94e70367cb508bd12,05a8cb2800d2d4047ec10b2b90274467da9984d9ef6316e94e70367cb508bd12,True
ETHUSDT-8h-2026-07.zip,https://data.binance.vision/data/spot/monthly/klines/ETHUSDT/8h/ETHUSDT-8h-2026-07.zip,5798,93,914d682d8c8144d25bac28f64cb7ee8540f9497ddefc9dc71b1d817550e82e4d,914d682d8c8144d25bac28f64cb7ee8540f9497ddefc9dc71b1d817550e82e4d,True
ETHUSDT-8h-2026-08.zip,https://data.binance.vision/data/spot/monthly/klines/ETHUSDT/8h/ETHUSDT-8h-2026-08.zip,5790,93,ad5d7ce67259ea8a8b006edae8e0bb9134a4fbbe65580841abef87813b09c4ce,ad5d7ce67259ea8a8b006edae8e0bb9134a4fbbe65580841abef87813b09c4ce,True
ETHUSDT-8h-2026-09-01.zip,https://data.binance.vision/data/spot/daily/klines/ETHUSDT/8h/ETHUSDT-8h-2026-09-01.zip,350,3,11e85c8ecc930c37256df120e4d565b0e2ad0490fb319fc2a5a6a8e5e537822c,11e85c8ecc930c37256df120e4d565b0e2ad0490fb319fc2a5a6a8e5e537822c,True
ETHUSDT-8h-2026-09-02.zip,https://data.binance.vision/data/spot/daily/klines/ETHUSDT/8h/ETHUSDT-8h-2026-09-02.zip,352,3,ead1d0bba0e2ab1a297c22333bf78a444d4fff5f7f277e45a88c6b23b04b3c90,ead1d0bba0e2ab1a297c22333bf78a444d4fff5f7f277e45a88c6b23b04b3c90,True
ETHUSDT-8h-2026-09-03.zip,https://data.binance.vision/data/spot/daily/klines/ETHUSDT/8h/ETHUSDT-8h-2026-09-03.zip,352,3,3f4ea2dba8e0f58411b4ae854ff326f0c837e63df999d356444a5d47187335d1,3f4ea2dba8e0f58411b4ae854ff326f0c837e63df999d356444a5d47187335d1,True
ETHUSDT-8h-2026-09-04.zip,https://data.binance.vision/data/spot/daily/klines/ETHUSDT/8h/ETHUSDT-8h-2026-09-04.zip,353,3,7ac5288847e4914176915e957f467d47fad3e39a3ac1e5cded388fee101b1801,7ac5288847e4914176915e957f467d47fad3e39a3ac1e5cded388fee101b1801,True
ETHUSDT-8h-2026-09-05.zip,https://data.binance.vision/data/spot/daily/klines/ETHUSDT/8h/ETHUSDT-8h-2026-09-05.zip,345,3,269184e428a168e9600acf74f9b9b2752977e0683b481bba25f0eb1121e7f4fb,269184e428a168e9600acf74f9b9b2752977e0683b481bba25f0eb1121e7f4fb,True
ETHUSDT-8h-2026-09-06.zip,https://data.binance.vision/data/spot/daily/klines/ETHUSDT/8h/ETHUSDT-8h-2026-09-06.zip,353,3,f7b72bc6b391fccbc1dae7b1593b5651b44ebb9a5941b42167c85bf97a09b762,f7b72bc6b391fccbc1dae7b1593b5651b44ebb9a5941b42167c85bf97a09b762,True
ETHUSDT-8h-2026-09-07.zip,https://data.binance.vision/data/spot/daily/klines/ETHUSDT/8h/ETHUSDT-8h-2026-09-07.zip,353,3,35d75b3f11d3ebf01a3ef2f001ec66fdf0c2bfb9fd2a4060e2978397b491a942,35d75b3f11d3ebf01a3ef2f001ec66fdf0c2bfb9fd2a4060e2978397b491a942,True
ETHUSDT-8h-2026-09-08.zip,https://data.binance.vision/data/spot/daily/klines/ETHUSDT/8h/ETHUSDT-8h-2026-09-08.zip,350,3,bb29cfbdffec513e84c0796adae488efae0a5af262ed729e178d39e3991f8ec0,bb29cfbdffec513e84c0796adae488efae0a5af262ed729e178d39e3991f8ec0,True
ETHUSDT-8h-2026-09-09.zip,https://data.binance.vision/data/spot/daily/klines/ETHUSDT/8h/ETHUSDT-8h-2026-09-09.zip,349,3,11b671437987898a8ce818f6d7c2168240fa2583105603754283ffefd4aec1db,11b671437987898a8ce818f6d7c2168240fa2583105603754283ffefd4aec1db,True
ETHUSDT-8h-2026-09-10.zip,https://data.binance.vision/data/spot/daily/klines/ETHUSDT/8h/ETHUSDT-8h-2026-09-10.zip,354,3,9e8f529e85b683c2a248210bbc5579b4b949dc6605dcb895be9000404f65ca83,9e8f529e85b683c2a248210bbc5579b4b949dc6605dcb895be9000404f65ca83,True
ETHUSDT-8h-2026-09-11.zip,https://data.binance.vision/data/spot/daily/klines/ETHUSDT/8h/ETHUSDT-8h-2026-09-11.zip,352,3,388d81650a3c38bcf63d55c332c714ef70c412a05018d8027177a21048009c4f,388d81650a3c38bcf63d55c332c714ef70c412a05018d8027177a21048009c4f,True
ETHUSDT-8h-2026-09-12.zip,https://data.binance.vision/data/spot/daily/klines/ETHUSDT/8h/ETHUSDT-8h-2026-09-12.zip,353,3,072de103cd224be97ae4c218e09e58983d9da1a28feab835759adbb2a65c7825,072de103cd224be97ae4c218e09e58983d9da1a28feab835759adbb2a65c7825,True
ETHUSDT-8h-2026-09-13.zip,https://data.binance.vision/data/spot/daily/klines/ETHUSDT/8h/ETHUSDT-8h-2026-09-13.zip,352,3,6e0129a87f4aee9882b29c5d6d59ac9827f07891d3ff38ad3f77cd662ba6ab39,6e0129a87f4aee9882b29c5d6d59ac9827f07891d3ff38ad3f77cd662ba6ab39,True
ETHUSDT-8h-2026-09-14.zip,https://data.binance.vision/data/spot/daily/klines/ETHUSDT/8h/ETHUSDT-8h-2026-09-14.zip,354,3,65796cc5f8f083c46602486456e93b5390ba574ae9a2df5595559ad039317008,65796cc5f8f083c46602486456e93b5390ba574ae9a2df5595559ad039317008,True
ETHUSDT-8h-2026-09-15.zip,https://data.binance.vision/data/spot/daily/klines/ETHUSDT/8h/ETHUSDT-8h-2026-09-15.zip,352,3,90ebb58faba763e16e2e39c55b7a31cba6d792a21a3ba5f2fd9df7f00f5b1fa6,90ebb58faba763e16e2e39c55b7a31cba6d792a21a3ba5f2fd9df7f00f5b1fa6,True
ETHUSDT-8h-2026-09-16.zip,https://data.binance.vision/data/spot/daily/klines/ETHUSDT/8h/ETHUSDT-8h-2026-09-16.zip,352,3,f84b29063ee75ce0fb5ff92290881b7fee994cbac2ec9afd355cb15af5be2796,f84b29063ee75ce0fb5ff92290881b7fee994cbac2ec9afd355cb15af5be2796,True
ETHUSDT-8h-2026-09-17.zip,https://data.binance.vision/data/spot/daily/klines/ETHUSDT/8h/ETHUSDT-8h-2026-09-17.zip,350,3,7958fc50117df5329326233dd2ee4fa1e26e0d4403318740a257d0b4e94b8278,7958fc50117df5329326233dd2ee4fa1e26e0d4403318740a257d0b4e94b8278,True
ETHUSDT-8h-2026-09-18.zip,https://data.binance.vision/data/spot/daily/klines/ETHUSDT/8h/ETHUSDT-8h-2026-09-18.zip,359,3,6ed61a11d19b79832ad670c148a6f924e7d0ce9adec1739eaafee10a9c39941d,6ed61a11d19b79832ad670c148a6f924e7d0ce9adec1739eaafee10a9c39941d,True
ETHUSDT-8h-2026-09-19.zip,https://data.binance.vision/data/spot/daily/klines/ETHUSDT/8h/ETHUSDT-8h-2026-09-19.zip,348,3,8989170c70691eaaa74e54d1fb88aaf0a921bfe5df763ce610129fa5a5e07b51,8989170c70691eaaa74e54d1fb88aaf0a921bfe5df763ce610129fa5a5e07b51,True
ETHUSDT-8h-2026-09-20.zip,https://data.binance.vision/data/spot/daily/klines/ETHUSDT/8h/ETHUSDT-8h-2026-09-20.zip,355,3,916af013e4250a415a7aa209235f7dc81d1c6957af05e7e4a5a83dad36a204f7,916af013e4250a415a7aa209235f7dc81d1c6957af05e7e4a5a83dad36a204f7,True
ETHUSDT-8h-2026-09-21.zip,https://data.binance.vision/data/spot/daily/klines/ETHUSDT/8h/ETHUSDT-8h-2026-09-21.zip,360,3,d3ce5661ebaa73ff0e35c7138a6c3e1a85fa24ec2a0df39dd931ec04fe1fdd61,d3ce5661ebaa73ff0e35c7138a6c3e1a85fa24ec2a0df39dd931ec04fe1fdd61,True
ETHUSDT-8h-2026-09-22.zip,https://data.binance.vision/data/spot/daily/klines/ETHUSDT/8h/ETHUSDT-8h-2026-09-22.zip,354,3,6f0b8fede002ada39f7813ebd2e2fa0818abbbd142bb3bf521ef7b11aa3b6a3e,6f0b8fede002ada39f7813ebd2e2fa0818abbbd142bb3bf521ef7b11aa3b6a3e,True
ETHUSDT-8h-2026-09-23.zip,https://data.binance.vision/data/spot/daily/klines/ETHUSDT/8h/ETHUSDT-8h-2026-09-23.zip,351,3,d3403d312e5109a4032e0f321b2706dfa9b2f073b02767f19e268a0952d04307,d3403d312e5109a4032e0f321b2706dfa9b2f073b02767f19e268a0952d04307,True
ETHUSDT-8h-2026-09-24.zip,https://data.binance.vision/data/spot/daily/klines/ETHUSDT/8h/ETHUSDT-8h-2026-09-24.zip,354,3,e84a755c79d7a8bbe0d39d85f65eb7197d83069408cc751ba5175c1004c27c50,e84a755c79d7a8bbe0d39d85f65eb7197d83069408cc751ba5175c1004c27c50,True
ETHUSDT-8h-2026-09-25.zip,https://data.binance.vision/data/spot/daily/klines/ETHUSDT/8h/ETHUSDT-8h-2026-09-25.zip,356,3,e1e56ead3c328f98ae8aac73279e87c21746579b8e4d24dadc9bcedbd9a734b2,e1e56ead3c328f98ae8aac73279e87c21746579b8e4d24dadc9bcedbd9a734b2,True
ETHUSDT-8h-2026-09-26.zip,https://data.binance.vision/data/spot/daily/klines/ETHUSDT/8h/ETHUSDT-8h-2026-09-26.zip,343,3,11f537ad510e99362cffe55b9be0dea5514963a06c0475b4c0fb1c889a0e628c,11f537ad510e99362cffe55b9be0dea5514963a06c0475b4c0fb1c889a0e628c,True
ETHUSDT-8h-2026-09-27.zip,https://data.binance.vision/data/spot/daily/klines/ETHUSDT/8h/ETHUSDT-8h-2026-09-27.zip,350,3,eaf3922f1a4068396143a15f7a5360f6f01b979c182bfbadabca3ae7a61bf6b0,eaf3922f1a4068396143a15f7a5360f6f01b979c182bfbadabca3ae7a61bf6b0,True
ETHUSDT-8h-2026-09-28.zip,https://data.binance.vision/data/spot/daily/klines/ETHUSDT/8h/ETHUSDT-8h-2026-09-28.zip,355,3,af646ccdd44e16f26f3a5b417545438d9abf68e94562479f4862866f673b9317,af646ccdd44e16f26f3a5b417545438d9abf68e94562479f4862866f673b9317,True
ETHUSDT-8h-2026-09-29.zip,https://data.binance.vision/data/spot/daily/klines/ETHUSDT/8h/ETHUSDT-8h-2026-09-29.zip,350,3,65c0d065f279882e91ded369eadfa9798b394cda84daa413c1ad96a3911d33b0,65c0d065f279882e91ded369eadfa9798b394cda84daa413c1ad96a3911d33b0,True
ETHUSDT-8h-2026-09-30.zip,https://data.binance.vision/data/spot/daily/klines/ETHUSDT/8h/ETHUSDT-8h-2026-09-30.zip,351,3,4e412a38dc3834bbaa43b163b8cf0de4fc0e711df1223971f8c1651e97ffc00a,4e412a38dc3834bbaa43b163b8cf0de4fc0e711df1223971f8c1651e97ffc00a,True
